Timestamp;scop_fc_ce;scop_fc_e;scop_fc_out
0;-499;-679;-1652
10076;-499;-579;-1598
20077;-499;-479;-1522
30090;-499;-379;-1420
40091;-499;-279;-1286
50089;-499;-179;-1121
60093;-499;-79;-931
70091;-499;20;-729
80089;-499;120;-529
90091;-499;220;-348
100092;-499;320;-196
110093;-499;420;-75
120088;-499;519;16
130089;-499;619;82
140092;-499;719;129
150090;-499;819;161
160093;-499;920;184
170091;-489;-979;-1725
180093;-489;-879;-1707
190076;-489;-779;-1682
200093;-489;-679;-1644
210092;-489;-579;-1590
220091;-489;-479;-1514
230089;-489;-379;-1411
240091;-489;-279;-1278
250091;-489;-179;-1113
260091;-489;-79;-923
270091;-489;20;-720
280093;-489;120;-521
290093;-489;220;-340
300090;-489;320;-187
310091;-489;420;-66
320091;-489;519;24
330091;-489;619;90
340090;-489;719;137
350091;-489;819;170
360092;-489;920;192
370088;-479;-979;-1716
380089;-479;-879;-1699
390093;-479;-779;-1673
400092;-479;-679;-1635
410088;-479;-579;-1581
420090;-479;-479;-1505
430077;-479;-379;-1403
440089;-479;-279;-1269
450090;-479;-179;-1104
460091;-479;-79;-914
470089;-479;20;-712
480089;-479;120;-512
490089;-479;220;-331
500091;-479;320;-179
510089;-479;420;-58
520092;-479;519;33
530089;-479;619;99
540089;-479;719;146
550088;-479;819;179
560091;-479;920;201
570092;-469;-979;-1707
580090;-469;-879;-1690
590091;-469;-779;-1664
600089;-469;-679;-1626
610089;-469;-579;-1572
620093;-469;-479;-1496
630091;-469;-379;-1394
640093;-469;-279;-1260
650092;-469;-179;-1095
660089;-469;-79;-905
670088;-469;20;-703
680092;-469;120;-503
690090;-469;220;-322
700088;-469;320;-170
710174;-469;420;-49
720080;-469;519;42
730090;-469;619;108
740092;-469;719;155
750091;-469;819;188
760089;-469;920;210
770088;-459;-979;-1698
780093;-459;-879;-1681
790091;-459;-779;-1655
800092;-459;-679;-1617
810089;-459;-579;-1563
820091;-459;-479;-1487
830090;-459;-379;-1384
840090;-459;-279;-1251
850088;-459;-179;-1086
860093;-459;-79;-896
870088;-459;20;-693
880092;-459;120;-494
890091;-459;220;-313
900093;-459;320;-160
910090;-459;420;-39
920091;-459;519;51
930088;-459;619;117
940092;-459;719;164
950091;-459;819;197
960078;-459;920;219
970091;-449;-979;-1689
980091;-449;-879;-1671
990088;-449;-779;-1645
1000092;-449;-679;-1607
1010091;-449;-579;-1553
1020093;-449;-479;-1478
1030089;-449;-379;-1375
1040089;-449;-279;-1241
1050089;-449;-179;-1076
1060091;-449;-79;-886
1070090;-449;20;-684
1080089;-449;120;-485
1090093;-449;220;-304
1100090;-449;320;-151
1110089;-449;420;-30
1120091;-449;519;61
1130089;-449;619;127
1140088;-449;719;174
1150090;-449;819;206
1160092;-449;920;229
1170089;-439;-979;-1679
1180090;-439;-879;-1661
1190089;-439;-779;-1635
1200093;-439;-679;-1597
1210089;-439;-579;-1543
1220093;-439;-479;-1468
1230093;-439;-379;-1365
1240089;-439;-279;-1231
1250090;-439;-179;-1066
1260090;-439;-79;-877
1270090;-439;20;-674
1280090;-439;120;-475
1290092;-439;220;-294
1300077;-439;320;-141
1310090;-439;420;-20
1320091;-439;519;70
1330090;-439;619;137
1340088;-439;719;184
1350093;-439;819;216
1360091;-439;920;238
1370093;-429;-979;-1669
1380091;-429;-879;-1651
1390093;-429;-779;-1625
1400093;-429;-679;-1587
1410090;-429;-579;-1533
1420090;-429;-479;-1458
1430093;-429;-379;-1355
1440092;-429;-279;-1221
1450092;-429;-179;-1056
1460091;-429;-79;-867
1470091;-429;20;-664
1480089;-429;120;-465
1490092;-429;220;-284
1500088;-429;320;-131
1510090;-429;420;-10
1520091;-429;519;80
1530088;-429;619;147
1540091;-429;719;194
1550089;-429;819;226
1560089;-429;920;249
1570091;-419;-979;-1658
1580092;-419;-879;-1641
1590090;-419;-779;-1615
1600088;-419;-679;-1577
1610077;-419;-579;-1523
1620089;-419;-479;-1447
1630090;-419;-379;-1344
1640090;-419;-279;-1211
1650092;-419;-179;-1046
1660088;-419;-79;-856
1670092;-419;20;-653
1680089;-419;120;-454
1690090;-419;220;-273
1700090;-419;320;-121
1710093;-419;420;0
1720090;-419;519;91
1730092;-419;619;157
1740090;-419;719;204
1750091;-419;819;237
1760092;-419;920;259
1770090;-409;-979;-1648
1780093;-409;-879;-1630
1790093;-409;-779;-1604
1800092;-409;-679;-1566
1810089;-409;-579;-1512
1820089;-409;-479;-1436
1830093;-409;-379;-1334
1840093;-409;-279;-1200
1850092;-409;-179;-1035
1860091;-409;-79;-845
1870091;-409;20;-643
1880091;-409;120;-443
1890092;-409;220;-263
1900077;-409;320;-110
1910089;-409;420;10
1920091;-409;519;102
1930090;-409;619;168
1940092;-409;719;215
1950090;-409;819;247
1960088;-409;920;270
1970090;-399;-979;-1637
1980089;-399;-879;-1619
1990093;-399;-779;-1593
2000089;-399;-679;-1555
2010090;-399;-579;-1501
2020091;-399;-479;-1425
2030090;-399;-379;-1323
2040091;-399;-279;-1189
2050092;-399;-179;-1024
2060088;-399;-79;-834
2070088;-399;20;-632
2080091;-399;120;-432
2090090;-399;220;-252
2100091;-399;320;-99
2110091;-399;420;21
2120089;-399;519;113
2130091;-399;619;179
2140092;-399;719;226
2150090;-399;819;258
2160091;-399;920;281
2170093;-389;-979;-1625
2180088;-389;-879;-1608
2190088;-389;-779;-1582
2200091;-389;-679;-1544
2210089;-389;-579;-1490
2220093;-389;-479;-1414
2230092;-389;-379;-1311
2240093;-389;-279;-1178
2250093;-389;-179;-1013
2260089;-389;-79;-823
2270091;-389;20;-620
2280092;-389;120;-421
2290089;-389;220;-240
2300091;-389;320;-88
2310089;-389;420;33
2320091;-389;519;124
2330092;-389;619;190
2340088;-389;719;237
2350091;-389;819;270
2360090;-389;920;292
2370089;-379;-979;-1614
2380093;-379;-879;-1596
2390090;-379;-779;-1570
2400089;-379;-679;-1532
2410093;-379;-579;-1478
2420091;-379;-479;-1403
2430092;-379;-379;-1300
2440090;-379;-279;-1166
2450091;-379;-179;-1001
2460089;-379;-79;-811
2470093;-379;20;-609
2480092;-379;120;-410
2490088;-379;220;-229
2500091;-379;320;-76
2510090;-379;420;44
2520092;-379;519;136
2530088;-379;619;202
2540092;-379;719;249
2550090;-379;819;281
2560090;-379;920;304
2570089;-369;-979;-1602
2580091;-369;-879;-1584
2590091;-369;-779;-1558
2600090;-369;-679;-1520
2610077;-369;-579;-1466
2620089;-369;-479;-1391
2630090;-369;-379;-1288
2640091;-369;-279;-1154
2650089;-369;-179;-989
2660093;-369;-79;-800
2670092;-369;20;-597
2680089;-369;120;-398
2690089;-369;220;-217
2700092;-369;320;-64
2710093;-369;420;56
2720092;-369;519;147
2730092;-369;619;214
2740093;-369;719;261
2750089;-369;819;293
2760089;-369;920;316
2770091;-359;-979;-1589
2780090;-359;-879;-1572
2790091;-359;-779;-1546
2800090;-359;-679;-1508
2810089;-359;-579;-1454
2820090;-359;-479;-1378
2830089;-359;-379;-1276
2840092;-359;-279;-1142
2850092;-359;-179;-977
2860076;-359;-79;-787
2870089;-359;20;-585
2880089;-359;120;-385
2890091;-359;220;-204
2900090;-359;320;-52
2910089;-359;420;68
2920090;-359;519;160
2930092;-359;619;226
2940092;-359;719;273
2950090;-359;819;306
2960088;-359;920;328
2970091;-349;-979;-1577
2980091;-349;-879;-1559
2990092;-349;-779;-1533
3000089;-349;-679;-1496
3010090;-349;-579;-1441
3020091;-349;-479;-1366
3030090;-349;-379;-1263
3040091;-349;-279;-1129
3050093;-349;-179;-965
3060089;-349;-79;-775
3070092;-349;20;-572
3080092;-349;120;-373
3090090;-349;220;-192
3100090;-349;320;-39
3110093;-349;420;81
3120090;-349;519;172
3130077;-349;619;239
3140099;-349;719;286
3150090;-349;819;318
3160093;-349;920;340
3170089;-339;-979;-1564
3180093;-339;-879;-1546
3190091;-339;-779;-1520
3200091;-339;-679;-1483
3210089;-339;-579;-1429
3220089;-339;-479;-1353
3230091;-339;-379;-1250
3240089;-339;-279;-1116
3250092;-339;-179;-952
3260089;-339;-79;-762
3270093;-339;20;-559
3280091;-339;120;-360
3290089;-339;220;-179
3300090;-339;320;-26
3310088;-339;420;94
3320088;-339;519;185
3330090;-339;619;252
3340090;-339;719;298
3350093;-339;819;331
3360089;-339;920;353
3370093;-329;-979;-1551
3380091;-329;-879;-1533
3390093;-329;-779;-1507
3400091;-329;-679;-1469
3410092;-329;-579;-1415
3420092;-329;-479;-1340
3430091;-329;-379;-1237
3440089;-329;-279;-1103
3450092;-329;-179;-938
3460092;-329;-79;-749
3470089;-329;20;-546
3480093;-329;120;-347
3490097;-329;220;-166
3500162;-329;320;-13
3510077;-329;420;107
3520093;-329;519;198
3530091;-329;619;265
3540090;-329;719;312
3550090;-329;819;344
3560091;-329;920;367
3570091;-319;-979;-1537
3580089;-319;-879;-1520
3590091;-319;-779;-1494
3600092;-319;-679;-1456
3610093;-319;-579;-1402
3620088;-319;-479;-1326
3630091;-319;-379;-1223
3640092;-319;-279;-1090
3650089;-319;-179;-925
3660089;-319;-79;-735
3670093;-319;20;-532
3680091;-319;120;-333
3690090;-319;220;-152
3700089;-319;320;0
3710090;-319;420;121
3720092;-319;519;212
3730093;-319;619;278
3740090;-319;719;325
3750088;-319;819;358
3760090;-319;920;380
3770090;-309;-979;-1523
3780093;-309;-879;-1506
3790091;-309;-779;-1480
3800090;-309;-679;-1442
3810264;-309;-569;-1381
3820077;-309;-479;-1312
3830088;-309;-379;-1209
3840092;-309;-279;-1076
3850092;-309;-179;-911
3860092;-309;-79;-721
3870091;-309;20;-519
3880091;-309;120;-319
3890091;-309;220;-138
3900089;-309;320;13
3910089;-309;420;134
3920089;-309;519;226
3930090;-309;619;292
3940091;-309;719;339
3950091;-309;819;372
3960090;-309;920;394
3970089;-299;-979;-1509
3980089;-299;-879;-1492
3990091;-299;-779;-1466
4000090;-299;-679;-1428
4010090;-299;-579;-1374
4020091;-299;-479;-1298
4030077;-299;-379;-1195
4040092;-299;-279;-1062
4050089;-299;-179;-897
4060090;-299;-79;-707
4070090;-299;20;-504
4080092;-299;120;-305
4090090;-299;220;-124
4100092;-299;320;28
4110091;-299;420;149
4120092;-299;519;240
4130091;-299;619;306
4140092;-299;719;353
4150090;-299;819;386
4160091;-299;920;408
4170088;-289;-979;-1495
4180089;-289;-879;-1477
4190089;-289;-779;-1451
4200092;-289;-679;-1413
4210089;-289;-579;-1359
4220093;-289;-479;-1284
4230093;-289;-379;-1181
4240092;-289;-279;-1047
4250090;-289;-179;-882
4260093;-289;-79;-693
4270090;-289;20;-490
4280092;-289;120;-291
4290091;-289;220;-110
4300089;-289;320;42
4310077;-289;420;163
4320089;-289;519;254
4330090;-289;619;321
4340093;-289;719;368
4350091;-289;819;400
4360093;-289;920;423
4370093;-279;-979;-1480
4380091;-279;-879;-1462
4390091;-279;-779;-1436
4400090;-279;-679;-1399
4410093;-279;-579;-1345
4420091;-279;-479;-1269
4430092;-279;-379;-1166
4440088;-279;-279;-1032
4450091;-279;-179;-868
4460091;-279;-79;-678
4470092;-279;20;-475
4480089;-279;120;-276
4490091;-279;220;-95
4500091;-279;320;57
4510089;-279;420;178
4520088;-279;519;269
4530092;-279;619;336
4540093;-279;719;383
4550093;-279;819;415
4560091;-279;920;437
4570077;-269;-979;-1465
4580089;-269;-879;-1447
4590089;-269;-779;-1421
4600089;-269;-679;-1383
4610091;-269;-579;-1329
4620089;-269;-479;-1254
4630093;-269;-379;-1151
4640092;-269;-279;-1017
4650091;-269;-179;-852
4660092;-269;-79;-663
4670092;-269;20;-460
4680090;-269;120;-261
4690093;-269;220;-80
4700088;-269;320;72
4710093;-269;420;193
4720091;-269;519;284
4730089;-269;619;351
4740093;-269;719;398
4750089;-269;819;430
4760089;-269;920;452
4770090;-259;-979;-1449
4780093;-259;-879;-1432
4790092;-259;-779;-1406
4800091;-259;-679;-1368
4810088;-259;-579;-1314
4820089;-259;-479;-1238
4830092;-259;-379;-1135
4840090;-259;-279;-1002
4850091;-259;-179;-837
4860091;-259;-79;-647
4870077;-259;20;-445
4880088;-259;120;-226
4890092;-259;220;-64
4900089;-259;320;101
4910091;-259;420;219
4920090;-259;519;307
4930090;-259;619;372
4940093;-259;719;417
4950093;-259;819;448
4960088;-259;920;470
4970092;-249;-979;-1432
4980089;-249;-879;-1414
4990089;-249;-779;-1387
5000089;-249;-679;-1348
5010088;-249;-579;-1292
5020089;-249;-479;-1214
5030093;-249;-379;-1108
5040093;-249;-279;-971
5050091;-249;-179;-803
5060090;-249;-79;-611
5070091;-249;20;-408
5080092;-249;120;-210
5090091;-249;220;-32
5100092;-249;320;117
5110077;-249;420;235
5120090;-249;519;323
5130090;-249;619;387
5140091;-249;719;433
5150090;-249;819;464
5160091;-249;920;485
5170093;-239;-979;-1416
5180091;-239;-879;-1398
5190090;-239;-779;-1371
5200092;-239;-679;-1332
5210091;-239;-579;-1276
5220093;-239;-479;-1197
5230091;-239;-379;-1092
5240092;-239;-279;-955
5250090;-239;-179;-787
5260090;-239;-79;-595
5270089;-239;20;-392
5280092;-239;120;-194
5290088;-239;220;-16
5300093;-239;320;133
5310091;-239;420;251
5320090;-239;519;339
5330091;-239;619;403
5340089;-239;719;449
5350088;-239;819;480
5360088;-239;920;502
5370090;-229;-969;-1400
5380090;-229;-869;-1381
5390091;-229;-779;-1354
5400092;-229;-669;-1315
5410091;-229;-579;-1259
5420091;-229;-469;-1181
5430092;-229;-369;-1075
5440092;-229;-269;-938
5450092;-229;-169;-771
5460232;-229;-69;-579
5470076;-229;30;-376
5480091;-229;130;-178
5490090;-229;230;0
5500092;-229;330;149
5510092;-229;430;267
5520088;-229;529;356
5530089;-229;629;420
5540088;-229;729;465
5550092;-229;829;496
5560093;-229;930;518
5570090;-219;-969;-1383
5580091;-219;-869;-1365
5590091;-219;-769;-1338
5600091;-219;-669;-1299
5610089;-219;-569;-1243
5620091;-219;-469;-1164
5630090;-219;-369;-1059
5640090;-219;-269;-922
5650090;-219;-169;-754
5660093;-219;-69;-562
5670089;-219;30;-359
5680091;-219;130;-161
5690091;-219;230;16
5700089;-219;330;166
5710092;-219;430;284
5720089;-219;529;372
5730090;-219;629;436
5740093;-219;729;482
5750092;-219;829;513
5760091;-219;930;535
5770092;-209;-969;-1366
5780093;-209;-869;-1348
5790092;-209;-769;-1321
5800089;-209;-669;-1282
5810091;-209;-569;-1226
5820091;-209;-469;-1148
5830093;-209;-369;-1042
5840088;-209;-269;-905
5850091;-209;-169;-737
5860091;-209;-69;-546
5870093;-209;30;-342
5880092;-209;130;-144
5890090;-209;230;33
5900093;-209;330;183
5910091;-209;430;301
5920090;-209;529;389
5930093;-209;629;453
5940090;-209;729;499
5950089;-209;829;530
5960091;-209;930;551
5970089;-199;-969;-1349
5980091;-199;-869;-1331
5990092;-199;-769;-1304
6000091;-199;-669;-1264
6010092;-199;-569;-1209
6020090;-199;-469;-1130
6030088;-199;-369;-1025
6040090;-199;-269;-888
6050091;-199;-169;-720
6060091;-199;-69;-528
6070088;-199;30;-325
6080093;-199;130;-127
6090091;-199;230;50
6100077;-199;330;200
6110089;-199;430;318
6120091;-199;529;406
6130090;-199;629;471
6140090;-199;729;516
6150088;-199;829;547
6160091;-199;930;569
6170090;-189;-969;-1331
6180091;-189;-869;-1313
6190090;-189;-769;-1286
6200089;-189;-669;-1247
6210089;-189;-569;-1191
6220088;-189;-469;-1113
6230092;-189;-369;-1007
6240088;-189;-269;-870
6250089;-189;-169;-703
6260091;-189;-69;-511
6270089;-189;30;-308
6280090;-189;130;-110
6290093;-189;230;68
6300091;-189;330;217
6310090;-189;430;335
6320090;-189;529;424
6330090;-189;629;488
6340090;-189;729;533
6350093;-189;829;565
6360088;-189;930;586
6370077;-179;-969;-1314
6380089;-179;-869;-1295
6390091;-179;-769;-1268
6400090;-179;-669;-1229
6410090;-179;-569;-1173
6420090;-179;-469;-1095
6430090;-179;-369;-989
6440093;-179;-269;-852
6450088;-179;-169;-685
6460089;-179;-69;-493
6470091;-179;30;-290
6480090;-179;130;-92
6490092;-179;230;86
6500089;-179;330;235
6510091;-179;430;353
6520091;-179;529;442
6530089;-179;629;506
6540093;-179;729;551
6550091;-179;829;582
6560090;-179;930;604
6570090;-169;-969;-1296
6580089;-169;-869;-1277
6590091;-169;-769;-1250
6600089;-169;-669;-1211
6610092;-169;-569;-1155
6620091;-169;-469;-1077
6630092;-169;-369;-971
6640090;-169;-269;-834
6650092;-169;-169;-667
6660088;-169;-69;-475
6670089;-169;30;-272
6680091;-169;130;-74
6690090;-169;230;104
6700089;-169;330;253
6710093;-169;430;371
6720091;-169;529;460
6730089;-169;629;524
6740090;-169;729;569
6750088;-169;829;600
6760090;-169;930;622
6770090;-159;-969;-1277
6780090;-159;-869;-1259
6790093;-159;-769;-1232
6800091;-159;-669;-1193
6810091;-159;-569;-1137
6820092;-159;-469;-1059
6830092;-159;-369;-953
6840092;-159;-269;-816
6850091;-159;-169;-649
6860090;-159;-69;-457
6870089;-159;30;-254
6880090;-159;130;-56
6890092;-159;230;122
6900092;-159;330;271
6910091;-159;430;389
6920091;-159;529;478
6930092;-159;629;542
6940095;-159;729;587
6950095;-159;829;619
6960075;-159;930;640
6970091;-149;-969;-1259
6980091;-149;-869;-1241
6990091;-149;-769;-1214
7000093;-149;-669;-1174
7010093;-149;-569;-1119
7020093;-149;-469;-1040
7030092;-149;-369;-935
7040090;-149;-269;-798
7050092;-149;-169;-630
7060091;-149;-69;-438
7070092;-149;30;-235
7080090;-149;130;-37
7090088;-149;230;140
7100089;-149;330;290
7110088;-149;430;408
7120089;-149;529;496
7130093;-149;629;561
7140093;-149;729;606
7150091;-149;829;637
7160092;-149;930;659
7170091;-139;-969;-1240
7180088;-139;-869;-1222
7190092;-139;-769;-1195
7200092;-139;-669;-1156
7210078;-139;-569;-1100
7220090;-139;-469;-1022
7230089;-139;-369;-916
7240091;-139;-269;-779
7250090;-139;-169;-611
7260088;-139;-69;-420
7270091;-139;30;-217
7280093;-139;130;-18
7290092;-139;230;159
7300093;-139;330;309
7310091;-139;430;427
7320092;-139;529;515
7330089;-139;629;579
7340091;-139;729;625
7350093;-139;829;656
7360092;-139;930;677
7370089;-129;-969;-1221
7380078;-129;-869;-1203
7390088;-129;-769;-1176
7400089;-129;-669;-1137
7410091;-129;-569;-1081
7420088;-129;-469;-1003
7430093;-129;-369;-897
7440093;-129;-269;-760
7450091;-129;-169;-592
7460089;-129;-69;-401
7470089;-129;30;-198
7480090;-129;130;0
7490091;-129;230;178
7500090;-129;330;328
7510088;-129;430;445
7520089;-129;529;534
7530091;-129;629;598
7540090;-129;729;644
7550089;-129;829;675
7560092;-129;930;696
7570093;-119;-969;-1202
7580089;-119;-869;-1184
7590089;-119;-769;-1157
7600092;-119;-669;-1118
7610089;-119;-569;-1062
7620090;-119;-469;-984
7630092;-119;-369;-878
7640093;-119;-269;-741
7650089;-119;-169;-573
7660160;-119;-69;-382
7670091;-119;30;-178
7680160;-119;130;19
7690090;-119;230;197
7700077;-119;330;347
7710093;-119;430;465
7720089;-119;529;553
7730091;-119;629;617
7740092;-119;729;663
7750088;-119;829;694
7760089;-119;930;715
7770093;-109;-969;-1183
7780089;-109;-869;-1165
7790093;-109;-769;-1138
7800093;-109;-669;-1098
7810091;-109;-569;-1042
7820092;-109;-469;-964
7830093;-109;-369;-858
7840092;-109;-269;-722
7850093;-109;-169;-554
7860091;-109;-69;-362
7870093;-109;30;-159
7880088;-109;130;38
7890091;-109;230;216
7900090;-109;330;366
7910090;-109;430;484
7920093;-109;529;573
7930092;-109;629;637
7940088;-109;729;682
7950093;-109;829;713
7960076;-109;930;735
7970089;-99;-969;-1163
7980089;-99;-869;-1145
7990092;-99;-769;-1118
8000093;-99;-669;-1079
8010089;-99;-569;-1023
8020092;-99;-469;-945
8030091;-99;-369;-839
8040088;-99;-269;-702
8050091;-99;-169;-534
8060092;-99;-69;-343
8070093;-99;30;-140
8080091;-99;130;57
8090088;-99;230;236
8100092;-99;330;385
8110089;-99;430;503
8120093;-99;529;592
8130093;-99;629;656
8140088;-99;729;701
8150092;-99;829;733
8160093;-99;930;754
8170088;-89;-969;-1144
8180090;-89;-869;-1125
8190091;-89;-769;-1098
8200088;-89;-669;-1059
8210092;-89;-569;-1003
8220090;-89;-469;-925
8230088;-89;-369;-819
8240093;-89;-269;-682
8250090;-89;-169;-515
8260093;-89;-69;-323
8270077;-89;30;-120
8280093;-89;130;77
8290091;-89;230;256
8300089;-89;330;405
8310089;-89;430;523
8320090;-89;529;612
8330091;-89;629;676
8340090;-89;729;721
8350092;-89;829;753
8360093;-89;930;774
8370092;-79;-969;-1124
8380093;-79;-869;-1106
8390089;-79;-769;-1079
8400089;-79;-669;-1039
8410093;-79;-569;-983
8420092;-79;-469;-905
8430089;-79;-369;-800
8440090;-79;-269;-663
8450090;-79;-169;-495
8460089;-79;-69;-303
8470088;-79;30;-100
8480088;-79;130;97
8490088;-79;230;275
8500092;-79;330;425
8510090;-79;430;543
8520091;-79;529;631
8530090;-79;629;696
8540090;-79;729;741
8550091;-79;829;772
8560092;-79;930;794
8570091;-69;-969;-1104
8580092;-69;-869;-1086
8590089;-69;-769;-1059
8600091;-69;-669;-1019
8610090;-69;-569;-963
8620092;-69;-469;-885
8630077;-69;-369;-780
8640091;-69;-269;-643
8650091;-69;-169;-475
8660089;-69;-69;-283
8670091;-69;30;-80
8680091;-69;130;117
8690093;-69;230;295
8700092;-69;330;445
8710090;-69;430;563
8720092;-69;529;651
8730089;-69;629;716
8740093;-69;729;761
8750092;-69;829;792
8760093;-69;930;814
8770089;-59;-969;-1084
8780089;-59;-869;-1066
8790092;-59;-769;-1039
8800089;-59;-669;-999
8810092;-59;-569;-943
8820092;-59;-469;-865
8830088;-59;-369;-760
8840090;-59;-269;-623
8850089;-59;-169;-455
8860092;-59;-69;-263
8870091;-59;30;-60
8880174;-59;130;137
8890170;-59;230;315
8900078;-59;330;465
8910093;-59;430;583
8920091;-59;529;671
8930090;-59;629;736
8940091;-59;729;781
8950091;-59;829;812
8960091;-59;930;834
8970092;-49;-969;-1064
8980092;-49;-869;-1045
8990089;-49;-769;-1018
9000092;-49;-669;-979
9010089;-49;-569;-923
9020090;-49;-469;-845
9030090;-49;-369;-739
9040089;-49;-269;-602
9050089;-49;-169;-435
9060093;-49;-69;-243
9070092;-49;30;-40
9080088;-49;130;157
9090089;-49;230;336
9100090;-49;330;485
9110090;-49;430;603
9120089;-49;529;692
9130091;-49;629;756
9140088;-49;729;801
9150092;-49;829;832
9160077;-49;930;854
9170091;-39;-969;-1044
9180091;-39;-869;-1025
9190089;-39;-769;-998
9200091;-39;-669;-959
9210093;-39;-569;-903
9220091;-39;-469;-825
9230093;-39;-369;-719
9240089;-39;-269;-582
9250090;-39;-169;-415
9260090;-39;-69;-223
9270091;-39;30;-20
9280090;-39;130;177
9290091;-39;230;356
9300091;-39;330;505
9310092;-39;430;623
9320092;-39;529;712
9330092;-39;629;776
9340089;-39;729;821
9350091;-39;829;853
9360090;-39;930;874
9370091;-29;-969;-1023
9380091;-29;-869;-1005
9390089;-29;-769;-978
9400091;-29;-669;-939
9410089;-29;-569;-883
9420090;-29;-469;-805
9430090;-29;-369;-699
9440089;-29;-269;-562
9450076;-29;-169;-394
9460090;-29;-69;-203
9470089;-29;30;0
9480089;-29;130;198
9490089;-29;230;376
9500089;-29;330;526
9510091;-29;430;644
9520090;-29;529;732
9530089;-29;629;796
9540092;-29;729;842
9550091;-29;829;873
9560091;-29;930;894
9570092;-19;-969;-1003
9580091;-19;-869;-985
9590092;-19;-769;-958
9600091;-19;-669;-918
9610091;-19;-569;-862
9620089;-19;-469;-784
9630091;-19;-369;-678
9640090;-19;-269;-542
9650091;-19;-169;-374
9660092;-19;-69;-182
9670091;-19;30;20
9680093;-19;130;218
9690090;-19;230;396
9700089;-19;330;546
9710090;-19;430;664
9720125;-19;529;753
9730219;-19;629;817
9740079;-19;729;862
9750091;-19;829;893
9760093;-19;930;915
9770090;-9;-969;-982
9780092;-9;-869;-964
9790091;-9;-769;-937
9800091;-9;-669;-898
9810093;-9;-569;-842
9820092;-9;-469;-764
9830092;-9;-369;-658
9840093;-9;-269;-521
9850092;-9;-169;-354
9860092;-9;-69;-162
9870089;-9;30;40
9880092;-9;130;238
9890090;-9;230;417
9900091;-9;330;566
9910091;-9;430;684
9920093;-9;529;773
9930089;-9;629;837
9940092;-9;729;882
9950090;-9;829;914
9960092;-9;930;935
9970090;0;-969;-962
9980090;0;-869;-944
9990077;0;-769;-917
10000089;0;-669;-878
10010089;0;-569;-822
10020091;0;-469;-743
10030088;0;-369;-638
10040089;0;-269;-501
10050091;0;-169;-333
10060091;0;-69;-141
10070089;0;30;61
10080091;0;130;259
10090090;0;230;437
10100088;0;330;587
10110091;0;430;705
10120090;0;529;793
10130092;0;629;858
10140091;0;729;903
10150089;0;829;934
10160088;0;930;956
10170092;10;-969;-942
10180092;10;-869;-923
10190090;10;-769;-896
10200093;10;-669;-857
10210088;10;-569;-801
10220090;10;-469;-723
10230089;10;-369;-617
10240090;10;-269;-480
10250091;10;-169;-313
10260091;10;-69;-121
10270077;10;30;81
10280091;10;130;279
10290091;10;230;458
10300092;10;330;607
10310092;10;430;725
10320090;10;529;814
10330089;10;629;878
10340093;10;729;923
10350091;10;829;955
10360089;10;930;976
10370091;20;-969;-921
10380091;20;-869;-903
10390092;20;-769;-876
10400093;20;-669;-837
10410091;20;-569;-781
10420089;20;-469;-703
10430090;20;-369;-597
10440089;20;-269;-460
10450091;20;-169;-292
10460092;20;-69;-101
10470092;20;30;101
10480092;20;130;300
10490090;20;230;478
10500088;20;330;628
10510092;20;430;745
10520091;20;529;834
10530092;20;629;898
10540091;20;729;944
10550078;20;829;975
10560090;20;930;996
10570089;30;-969;-901
10580092;30;-869;-883
10590089;30;-769;-856
10600091;30;-669;-816
10610091;30;-569;-760
10620091;30;-469;-682
10630089;30;-369;-577
10640092;30;-269;-440
10650090;30;-169;-272
10660092;30;-69;-80
10670091;30;30;122
10680092;30;130;320
10690090;30;230;498
10700091;30;330;648
10710093;30;430;766
10720091;30;529;854
10730092;30;629;919
10740089;30;729;964
10750076;30;829;995
10760088;30;930;1017
10770090;40;-969;-881
10780091;40;-869;-862
10790090;40;-769;-835
10800089;40;-669;-796
10810092;40;-569;-740
10820092;40;-469;-662
10830089;40;-369;-556
10840091;40;-269;-419
10850091;40;-169;-252
10860088;40;-69;-60
10870093;40;30;142
10880090;40;130;340
10890093;40;230;519
10900090;40;330;668
10910089;40;430;786
10920092;40;529;875
10930093;40;629;939
10940093;40;729;984
10950089;40;829;1016
10960076;40;930;1037
10970092;50;-969;-860
10980091;50;-869;-842
10990093;50;-769;-815
11000092;50;-669;-776
11010090;50;-569;-720
11020088;50;-469;-642
11030089;50;-369;-536
11040091;50;-269;-399
11050090;50;-169;-231
11060093;50;-69;-40
11070088;50;30;162
11080088;50;130;360
11090091;50;230;539
11100088;50;330;688
11110088;50;430;806
11120093;50;529;895
11130088;50;629;959
11140089;50;729;1004
11150091;50;829;1036
11160089;50;930;1057
11170090;60;-969;-840
11180089;60;-869;-822
11190092;60;-769;-795
11200092;60;-669;-756
11210090;60;-569;-700
11220090;60;-469;-622
11230092;60;-369;-516
11240092;60;-269;-379
11250093;60;-169;-211
11260092;60;-69;-20
11270091;60;30;182
11280088;60;130;381
11290092;60;230;559
11300091;60;330;709
11310093;60;430;827
11320089;60;529;915
11330080;60;629;979
11340091;60;729;1025
11350090;60;829;1056
11360090;60;930;1077
11370093;70;-969;-820
11380089;70;-869;-802
11390089;70;-769;-775
11400089;70;-669;-736
11410089;70;-569;-680
11420089;70;-469;-602
11430091;70;-369;-496
11440089;70;-269;-359
11450089;70;-169;-191
11460090;70;-69;0
11470090;70;30;203
11480091;70;130;401
11490093;70;230;579
11500093;70;330;729
11510090;70;430;847
11520090;70;529;935
11530093;70;629;999
11540093;70;729;1045
11550091;70;829;1076
11560093;70;930;1097
11570092;80;-969;-800
11580088;80;-869;-782
11590093;80;-769;-755
11600090;80;-669;-716
11610090;80;-569;-660
11620092;80;-469;-582
11630089;80;-369;-476
11640090;80;-269;-339
11650090;80;-169;-171
11660093;80;-69;19
11670091;80;30;222
11680090;80;130;421
11690091;80;230;599
11700092;80;330;749
11710089;80;430;867
11720091;80;529;955
11730090;80;629;1019
11740090;80;729;1065
11750088;80;829;1096
11760089;80;930;1117
11770093;90;-969;-780
11780091;90;-869;-762
11790091;90;-769;-735
11800091;90;-669;-696
11810093;90;-569;-640
11820093;90;-469;-562
11830090;90;-369;-456
11840089;90;-269;-319
11850089;90;-169;-152
11860088;90;-69;39
11870089;90;30;242
11880091;90;130;440
11890077;90;230;619
11900089;90;330;768
11910091;90;430;886
11920091;90;529;975
11930089;90;629;1039
11940093;90;729;1084
11950093;90;829;1116
11960091;90;930;1137
11970092;100;-969;-761
11980091;100;-869;-742
11990092;100;-769;-715
12000093;100;-669;-676
12010089;100;-569;-620
12020093;100;-469;-542
12030091;100;-369;-436
12040093;100;-269;-299
12050091;100;-169;-132
12060088;100;-69;59
12070090;100;30;262
12080091;100;130;460
12090093;100;230;639
12100093;100;330;788
12110092;100;430;906
12120088;100;529;995
12130089;100;629;1059
12140092;100;729;1104
12150090;100;829;1135
12160090;100;930;1157
12170088;110;-969;-741
12180077;110;-869;-723
12190091;110;-769;-696
12200088;110;-669;-657
12210090;110;-569;-601
12220091;110;-469;-523
12230093;110;-369;-417
12240090;110;-269;-280
12250091;110;-169;-112
12260091;110;-69;78
12270089;110;30;281
12280092;110;130;480
12290090;110;230;658
12300093;110;330;808
12310092;110;430;925
12320093;110;529;1014
12330089;110;629;1078
12340091;110;729;1124
12350092;110;829;1155
12360092;110;930;1176
12370092;120;-969;-722
12380091;120;-869;-704
12390092;120;-769;-677
12400090;120;-669;-637
12410090;120;-569;-581
12420088;120;-469;-503
12430091;120;-369;-398
12440090;120;-269;-261
12450218;120;-169;-93
12460078;120;-69;98
12470091;120;30;301
12480092;120;130;499
12490092;120;230;677
12500093;120;330;827
12510092;120;430;945
12520090;120;529;1033
12530090;120;629;1098
12540089;120;729;1143
12550091;120;829;1174
12560089;120;930;1196
12570088;130;-969;-703
12580091;130;-869;-684
12590091;130;-769;-658
12600089;130;-669;-618
12610089;130;-569;-562
12620090;130;-469;-484
12630089;130;-369;-378
12640092;130;-269;-242
12650092;130;-169;-74
12660090;130;-69;117
12670092;130;30;320
12680089;130;130;518
12690091;130;230;696
12700090;130;330;846
12710088;130;430;964
12720077;130;529;1053
12730091;130;629;1117
12740092;130;729;1162
12750089;130;829;1193
12760089;130;930;1215
12770089;140;-969;-684
12780089;140;-869;-666
12790089;140;-769;-639
12800092;140;-669;-599
12810089;140;-569;-543
12820091;140;-469;-465
12830091;140;-369;-359
12840091;140;-269;-223
12850093;140;-169;-55
12860088;140;-69;136
12870093;140;30;339
12880091;140;130;537
12890089;140;230;715
12900090;140;330;865
12910089;140;430;983
12920088;140;529;1071
12930088;140;629;1136
12940090;140;729;1181
12950077;140;829;1212
12960093;140;930;1234
12970090;150;-969;-665
12980088;150;-869;-647
12990092;150;-769;-620
13000089;150;-669;-581
13010091;150;-569;-525
13020092;150;-469;-447
13030092;150;-369;-341
13040089;150;-269;-204
13050089;150;-169;-36
13060090;150;-69;155
13070091;150;30;358
13080090;150;130;556
13090090;150;230;734
13100090;150;330;884
13110093;150;430;1002
13120091;150;529;1090
13130091;150;629;1154
13140089;150;729;1200
13150093;150;829;1231
13160092;150;930;1252
13170092;160;-969;-647
13180088;160;-869;-628
13190091;160;-769;-601
13200090;160;-669;-562
13210091;160;-569;-506
13220092;160;-469;-428
13230091;160;-369;-322
13240091;160;-269;-185
13250091;160;-169;-18
13260092;160;-69;173
13270091;160;30;376
13280091;160;130;574
13290091;160;230;753
13300088;160;330;902
13310077;160;430;1020
13320091;160;529;1109
13330093;160;629;1173
13340091;160;729;1218
13350090;160;829;1250
13360093;160;930;1271
13370090;170;-969;-628
13380093;170;-869;-610
13390092;170;-769;-583
13400092;170;-669;-544
13410089;170;-569;-488
13420089;170;-469;-410
13430090;170;-369;-304
13440092;170;-269;-167
13450089;170;-169;0
13460093;170;-69;191
13470092;170;30;394
13480090;170;130;592
13490091;170;230;771
13500089;170;330;920
13510088;170;430;1038
13520089;170;529;1127
13530089;170;629;1191
13540092;170;729;1236
13550092;170;829;1268
13560093;170;930;1289
13570091;180;-969;-610
13580092;180;-869;-592
13590092;180;-769;-565
13600090;180;-669;-526
13610089;180;-569;-470
13620092;180;-469;-392
13630089;180;-369;-286
13640091;180;-269;-149
13650093;180;-169;18
13660078;180;-69;209
13670089;180;30;412
13680090;180;130;610
13690089;180;230;789
13700093;180;330;938
13710090;180;430;1056
13720091;180;529;1145
13730089;180;629;1209
13740092;180;729;1254
13750091;180;829;1286
13760088;180;930;1307
13770091;190;-969;-593
13780089;190;-869;-574
13790093;190;-769;-547
13800091;190;-669;-508
13810093;190;-569;-452
13820092;190;-469;-374
13830090;190;-369;-268
13840089;190;-269;-131
13850093;190;-169;35
13860091;190;-69;227
13870090;190;30;430
13880093;190;130;628
13890092;190;230;807
13900109;190;330;956
13910079;190;430;1074
13920093;190;529;1163
13930089;190;629;1227
13940093;190;729;1272
13950092;190;829;1304
13960093;190;930;1325
13970093;200;-969;-575
13980091;200;-869;-557
13990089;200;-769;-530
14000092;200;-669;-491
14010088;200;-569;-435
14020093;200;-469;-356
14030091;200;-369;-251
14040091;200;-269;-114
14050089;200;-169;53
14060089;200;-69;245
14070093;200;30;448
14080092;200;130;646
14090093;200;230;824
14100092;200;330;974
14110092;200;430;1092
14120091;200;529;1180
14130091;200;629;1244
14140077;200;729;1290
14150090;200;829;1321
14160091;200;930;1342
14170092;210;-969;-558
14180091;210;-869;-540
14190092;210;-769;-513
14200092;210;-669;-473
14210090;210;-569;-417
14220091;210;-469;-339
14230092;210;-369;-234
14240093;210;-269;-97
14250089;210;-169;70
14260091;210;-69;262
14270089;210;30;465
14280089;210;130;663
14290092;210;230;841
14300090;210;330;991
14310090;210;430;1109
14320092;210;529;1197
14330090;210;629;1262
14340093;210;729;1307
14350091;210;829;1338
14360092;210;930;1360
14370092;220;-969;-541
14380092;220;-869;-523
14390091;220;-769;-496
14400091;220;-669;-457
14410092;220;-569;-401
14420093;220;-469;-322
14430089;220;-369;-217
14440092;220;-269;-80
14450089;220;-169;87
14460089;220;-69;279
14470093;220;30;482
14480091;220;130;680
14490092;220;230;858
14500079;220;330;1008
14510093;220;430;1126
14520089;220;529;1214
14530091;220;629;1279
14540089;220;729;1324
14550091;220;829;1355
14560090;220;930;1377
14570089;230;-969;-524
14580091;230;-869;-506
14590092;230;-769;-479
14600090;230;-669;-440
14610093;230;-569;-384
14620092;230;-469;-306
14630092;230;-369;-200
14640090;230;-269;-63
14650089;230;-169;104
14660091;230;-69;295
14670093;230;30;498
14680090;230;130;696
14690088;230;230;875
14700091;230;330;1024
14710088;230;430;1142
14720090;230;529;1231
14730092;230;629;1295
14740088;230;729;1340
14750089;230;829;1372
14760092;230;930;1393
14770089;240;-969;-508
14780090;240;-869;-490
14790091;240;-769;-463
14800092;240;-669;-424
14810092;240;-569;-368
14820090;240;-469;-289
14830091;240;-369;-184
14840092;240;-269;-47
14850088;240;-169;120
14860092;240;-69;312
14870077;240;30;515
14880093;240;130;713
14890089;240;230;891
14900092;240;330;1041
14910090;240;430;1159
14920093;240;529;1247
14930091;240;629;1312
14940092;240;729;1357
14950090;240;829;1388
14960088;240;930;1410
14970089;250;-969;-492
14980090;250;-869;-474
14990088;250;-769;-447
15000092;250;-669;-407
15010090;250;-569;-351
15020088;250;-469;-273
15030093;250;-369;-168
15040089;250;-269;-31
15050093;250;-169;136
15060093;250;-69;328
15070089;250;30;531
15080093;250;130;729
15090091;250;230;907
15100091;250;330;1057
15110089;250;430;1175
15120088;250;529;1263
15130090;250;629;1328
15140091;250;729;1373
15150089;250;829;1404
15160090;250;930;1426
15170092;260;-969;-476
15180077;260;-869;-458
15190101;260;-769;-431
15200214;260;-659;-387
15210079;260;-569;-336
15220105;260;-469;-258
15230093;260;-369;-152
15240090;260;-269;-15
15250091;260;-169;152
15260092;260;-69;343
15270089;260;30;546
15280089;260;130;745
15290091;260;230;923
15300093;260;330;1073
15310089;260;430;1191
15320091;260;529;1279
15330090;260;629;1343
15340093;260;729;1389
15350089;260;829;1420
15360088;260;930;1441
15370090;270;-969;-461
15380091;270;-869;-442
15390089;270;-769;-415
15400089;270;-669;-376
15410093;270;-569;-320
15420089;270;-469;-242
15430092;270;-369;-136
15440090;270;-269;0
15450090;270;-169;167
15460088;270;-69;359
15470092;270;30;562
15480091;270;130;760
15490089;270;230;938
15500089;270;330;1088
15510089;270;430;1206
15520093;270;529;1295
15530091;270;629;1359
15540091;270;729;1404
15550089;270;829;1438
15560091;270;930;1459
15570090;280;-969;-446
15580077;280;-869;-427
15590092;280;-769;-397
15600091;280;-669;-361
15610090;280;-569;-305
15620091;280;-469;-218
15630091;280;-369;-109
15640093;280;-269;30
15650092;280;-169;201
15660091;280;-69;394
15670093;280;30;597
15680093;280;130;794
15690090;280;230;970
15700090;280;330;1116
15710090;280;430;1231
15720089;280;529;1317
15730088;280;629;1379
15740090;280;729;1423
15750091;280;829;1453
15760088;280;930;1474
15770088;290;-969;-429
15780093;290;-869;-410
15790091;290;-769;-382
15800093;290;-669;-342
15810092;290;-569;-284
15820090;290;-469;-203
15830091;290;-369;-94
15840090;290;-269;45
15850090;290;-169;215
15860093;290;-69;409
15870148;290;40;612
15880076;290;130;809
15890093;290;230;985
15900091;290;330;1131
15910089;290;430;1246
15920088;290;529;1332
15930093;290;629;1394
15940092;290;729;1438
15950091;290;829;1468
15960093;290;930;1488
15970093;300;-969;-415
15980089;300;-869;-396
15990092;300;-769;-368
16000092;300;-669;-327
16010091;300;-569;-269
16020088;300;-469;-188
16030091;300;-369;-80
16040091;300;-269;59
16050093;300;-169;230
16060088;300;-69;423
16070089;300;30;627
16080093;300;130;823
16090077;300;230;999
16100091;300;340;1146
16110090;300;440;1261
16120092;300;529;1346
16130093;300;639;1408
16140089;300;739;1452
16150092;300;839;1482
16160089;300;930;1503
16170093;310;-959;-401
16180088;310;-859;-382
16190089;310;-759;-354
16200089;310;-659;-313
16210089;310;-559;-255
16220089;310;-459;-174
16230091;310;-359;-66
16240090;310;-259;74
16250093;310;-159;244
16260091;310;-59;438
16270089;310;40;641
16280091;310;140;838
16290090;310;240;1013
16300091;310;340;1160
16310090;310;440;1275
16320075;310;539;1361
16330093;310;639;1423
16340088;310;739;1466
16350091;310;839;1497
16360089;310;940;1517
16370091;320;-959;-387
16380089;320;-859;-368
16390089;320;-759;-340
16400093;320;-659;-299
16410091;320;-559;-241
16420092;320;-459;-160
16430091;320;-359;-52
16440091;320;-259;87
16450091;320;-159;258
16460091;320;-59;451
16470093;320;40;655
16480089;320;140;851
16490090;320;240;1027
16500091;320;340;1174
16510093;320;440;1289
16520090;320;539;1374
16530089;320;639;1437
16540091;320;739;1480
16550077;320;839;1510
16560091;320;940;1531
16570093;330;-959;-373
16580093;330;-859;-354
16590089;330;-759;-326
16600091;330;-659;-286
16610090;330;-559;-228
16620092;330;-459;-147
16630092;330;-359;-38
16640091;330;-259;101
16650091;330;-159;271
16660093;330;-59;465
16670089;330;40;668
16680090;330;140;865
16690092;330;240;1041
16700089;330;340;1187
16710091;330;440;1302
16720093;330;539;1388
16730090;330;639;1450
16740092;330;739;1494
16750088;330;839;1524
16760090;330;940;1545
16770089;340;-959;-360
16780092;340;-859;-341
16790091;340;-759;-313
16800091;340;-659;-272
16810092;340;-559;-214
16820092;340;-459;-134
16830090;340;-359;-25
16840090;340;-259;114
16850090;340;-159;285
16860090;340;-59;478
16870092;340;40;681
16880088;340;140;878
16890088;340;240;1054
16900089;340;340;1200
16910091;340;440;1315
16920089;340;539;1401
16930075;340;639;1463
16940093;340;739;1507
16950093;340;839;1537
16960093;340;940;1558
16970091;350;-959;-347
16980092;350;-859;-328
16990089;350;-759;-300
17000093;350;-659;-259
17010090;350;-559;-202
17020088;350;-459;-121
17030091;350;-359;-12
17040089;350;-259;127
17050093;350;-159;297
17060088;350;-59;491
17070089;350;40;694
17080089;350;140;891
17090091;350;240;1067
17100089;350;340;1213
17110077;350;440;1328
17120088;350;539;1414
17130090;350;639;1476
17140090;350;739;1520
17150092;350;839;1550
17160092;350;940;1571
17170093;360;-959;-335
17180093;360;-859;-316
17190091;360;-759;-288
17200092;360;-659;-247
17210091;360;-559;-189
17220088;360;-459;-108
17230090;360;-359;0
17240092;360;-259;140
17250088;360;-159;310
17260092;360;-59;504
17270091;360;40;707
17280091;360;140;904
17290090;360;240;1079
17300092;360;340;1226
17310089;360;440;1341
17320092;360;539;1427
17330090;360;639;1489
17340091;360;739;1532
17350092;360;839;1563
17360089;360;940;1583
17370091;370;-959;-322
17380092;370;-859;-303
17390089;370;-759;-275
17400079;370;-659;-235
17410092;370;-559;-177
17420090;370;-459;-96
17430092;370;-359;12
17440089;370;-259;152
17450092;370;-159;322
17460089;370;-59;516
17470089;370;40;719
17480090;370;140;916
17490090;370;240;1092
17500090;370;340;1238
17510090;370;440;1353
17520089;370;539;1439
17530093;370;639;1501
17540089;370;739;1545
17550091;370;839;1575
17560092;370;940;1595
17570093;380;-959;-310
17580091;380;-859;-291
17590093;380;-759;-263
17600089;380;-659;-223
17610092;380;-559;-165
17620090;380;-459;-84
17630092;380;-359;24
17640077;380;-259;164
17650093;380;-159;334
17660089;380;-59;528
17670093;380;40;731
17680089;380;140;928
17690088;380;240;1104
17700090;380;340;1250
17710089;380;440;1365
17720092;380;539;1451
17730089;380;639;1513
17740090;380;739;1557
17750092;380;839;1587
17760091;380;940;1607
17770088;390;-959;-299
17780088;390;-859;-280
17790088;390;-759;-252
17800092;390;-659;-211
17810092;390;-559;-153
17820088;390;-459;-72
17830093;390;-359;35
17840088;390;-259;175
17850092;390;-159;346
17860092;390;-59;539
17870091;390;40;743
17880092;390;140;939
17890093;390;240;1115
17900076;390;340;1262
17910092;390;440;1377
17920089;390;539;1462
17930093;390;639;1525
17940088;390;739;1568
17950092;390;839;1598
17960089;390;940;1619
17970093;400;-959;-287
17980091;400;-859;-268
17990091;400;-759;-240
18000092;400;-659;-200
18010090;400;-559;-142
18020093;400;-459;-61
18030088;400;-359;47
18040090;400;-259;187
18050088;400;-159;357
18060092;400;-59;551
18070093;400;40;754
18080092;400;140;951
18090092;400;240;1127
18100091;400;340;1273
18110090;400;440;1388
18120089;400;539;1474
18130092;400;639;1536
18140089;400;739;1580
18150093;400;839;1610
18160076;400;940;1630
18170093;410;-959;-276
18180091;410;-859;-257
18190093;410;-759;-229
18200091;410;-659;-189
18210093;410;-559;-131
18220088;410;-459;-50
18230091;410;-359;58
18240090;410;-259;198
18250091;410;-159;368
18260092;410;-59;562
18270091;410;40;765
18280088;410;140;962
18290090;410;240;1138
18300088;410;340;1284
18310089;410;440;1399
18320088;410;539;1485
18330089;410;639;1547
18340093;410;739;1591
18350091;410;839;1621
18360091;410;940;1641
18370088;420;-959;-266
18380089;420;-859;-247
18390092;420;-759;-219
18400088;420;-659;-178
18410090;420;-559;-120
18420092;420;-459;-39
18430090;420;-359;68
18440077;420;-259;208
18450088;420;-159;379
18460091;420;-59;572
18470091;420;40;776
18480090;420;140;972
18490092;420;240;1148
18500093;420;340;1295
18510091;420;440;1410
18520092;420;539;1496
18530093;420;639;1558
18540090;420;739;1601
18550092;420;839;1631
18560093;420;940;1652
18570093;430;-959;-255
18580089;430;-859;-236
18590089;430;-759;-208
18600091;430;-659;-168
18610089;430;-559;-110
18620089;430;-459;-29
18630091;430;-359;79
18640089;430;-259;219
18650093;430;-159;389
18660090;430;-59;583
18670092;430;40;786
18680090;430;140;983
18690090;430;240;1159
18700093;430;340;1305
18710091;430;440;1420
18720088;430;539;1506
18730092;430;639;1568
18740090;430;739;1612
18750078;430;839;1642
18760091;430;940;1662
18770089;440;-959;-245
18780093;440;-859;-226
18790092;440;-759;-198
18800093;440;-659;-158
18810088;440;-559;-100
18820091;440;-459;-19
18830090;440;-359;89
18840090;440;-259;229
18850092;440;-159;399
18860093;440;-59;593
18870091;440;40;796
18880088;440;140;993
18890091;440;240;1169
18900089;440;340;1315
18910090;440;440;1430
18920090;440;539;1516
18930089;440;639;1578
18940092;440;739;1622
18950092;440;839;1652
18960089;440;940;1673
18970089;450;-959;-235
18980091;450;-859;-216
18990092;450;-759;-188
19000078;450;-659;-148
19010091;450;-559;-90
19020090;450;-459;-9
19030091;450;-359;99
19040092;450;-259;239
19050089;450;-159;409
19060089;450;-59;603
19070090;450;40;806
19080091;450;140;1003
19090093;450;240;1179
19100089;450;340;1325
19110093;450;440;1440
19120088;450;539;1526
19130088;450;639;1588
19140092;450;739;1632
19150088;450;839;1662
19160092;450;940;1682
19170090;460;-959;-226
19180088;460;-859;-207
19190091;460;-759;-179
19200077;460;-659;-138
19210091;460;-559;-80
19220093;460;-459;0
19230093;460;-359;108
19240090;460;-259;248
19250092;460;-159;419
19260090;460;-59;612
19270090;460;40;816
19280090;460;140;1012
19290090;460;240;1188
19300093;460;340;1335
19310088;460;440;1449
19320091;460;539;1535
19330089;460;639;1597
19340092;460;739;1641
19350090;460;839;1671
19360092;460;940;1692
19370091;469;-959;-217
19380093;469;-859;-198
19390088;469;-759;-170
19400090;469;-659;-129
19410091;469;-559;-71
19420093;469;-459;9
19430092;469;-359;117
19440093;469;-259;258
19450093;469;-159;428
19460091;469;-59;622
19470093;469;40;825
19480093;469;140;1022
19490077;469;240;1197
19500089;469;340;1344
19510090;469;440;1459
19520092;469;539;1545
19530090;469;639;1607
19540089;469;739;1650
19550091;469;839;1681
19560090;469;940;1701
19570089;479;-959;-208
19580089;479;-859;-189
19590089;479;-759;-161
19600091;479;-659;-120
19610090;479;-559;-62
19620088;479;-459;18
19630089;479;-359;126
19640089;479;-259;267
19650092;479;-159;437
19660090;479;-59;631
19670089;479;40;834
19680090;479;140;1031
19690090;479;240;1206
19700092;479;340;1353
19710089;479;440;1468
19720092;479;539;1554
19730088;479;639;1616
19740088;479;739;1659
19750093;479;839;1690
19760090;479;940;1710
19770091;489;-959;-199
19780090;489;-859;-180
19790089;489;-759;-152
19800093;489;-659;-111
19810090;489;-559;-53
19820077;489;-459;26
19830089;489;-359;135
19840091;489;-259;275
19850091;489;-159;446
19860088;489;-59;639
19870089;489;40;843
19880092;489;140;1039
19890091;489;240;1215
19900093;489;340;1362
19910093;489;440;1476
19920093;489;539;1562
19930090;489;639;1624
19940088;489;739;1668
19950089;489;839;1698
19960091;489;940;1719
19970090;499;-959;-190
19980090;499;-859;-171
19990091;499;-759;-143
20000091;499;-659;-103
20010088;499;-559;-45
20020091;499;-459;35
20030090;499;-359;144
20040090;499;-259;284
20050090;499;-159;454
20060091;499;-59;648
20070089;499;40;851
20080092;499;140;1048
20090091;499;240;1224
20100089;499;340;1370
20110093;499;440;1485
20120092;499;539;1571
20130076;499;639;1633
20140090;499;739;1677
20150093;499;839;1707
20160090;499;940;1727
20170091;509;-959;-182
20180089;509;-859;-163
20190092;509;-759;-135
20200092;509;-659;-95
20210089;509;-559;-37
20220093;509;-459;43
20230090;509;-359;152
20240089;509;-259;292
20250093;509;-159;462
20260089;509;-59;656
20270091;509;40;859
20280093;509;140;1056
20290093;509;240;1232
20300089;509;340;1378
20310093;509;440;1493
20320093;509;539;1579
20330089;509;639;1641
20340091;509;739;1685
20350089;509;839;1715
20360091;509;940;1735
20370091;519;-959;-174
20380092;519;-859;-155
20390092;519;-759;-127
20400089;519;-659;-87
20410090;519;-559;-29
20420093;519;-459;51
20430077;519;-359;160
20440092;519;-259;300
20450089;519;-159;470
20460092;519;-59;664
20470091;519;40;867
20480091;519;140;1064
20490090;519;240;1240
20500089;519;340;1386
20510089;519;440;1501
20520090;519;539;1587
20530090;519;639;1649
20540089;519;739;1693
20550093;519;839;1723
20560089;519;940;1743
20570090;529;-959;-167
20580090;529;-859;-148
20590091;529;-759;-120
20600093;529;-659;-79
20610092;529;-559;-21
20620090;529;-459;59
20630088;529;-359;167
20640090;529;-259;307
20650090;529;-159;478
20660076;529;-59;671
20670093;529;40;875
20680092;529;140;1071
20690089;529;240;1247
20700089;529;340;1394
20710091;529;440;1509
20720093;529;539;1595
20730090;529;639;1657
20740089;529;739;1700
20750088;529;839;1730
20760092;529;940;1751
20770090;539;-959;-159
20780089;539;-859;-140
20790092;539;-759;-112
20800091;539;-659;-72
20810091;539;-559;-14
20820092;539;-459;66
20830089;539;-359;175
20840091;539;-259;315
20850093;539;-159;485
20860093;539;-59;679
20870093;539;40;882
20880093;539;140;1079
20890088;539;240;1255
20900092;539;340;1401
20910089;539;440;1516
20920188;539;539;1602
20930080;539;639;1664
20940090;539;739;1708
20950089;539;839;1738
20960092;539;940;1759
20970088;549;-959;-152
20980093;549;-859;-133
20990092;549;-759;-105
21000092;549;-659;-64
21010090;549;-559;-6
21020089;549;-459;73
21030092;549;-359;182
21040088;549;-259;322
21050093;549;-159;493
21060089;549;-59;686
21070088;549;40;889
21080092;549;140;1086
21090092;549;240;1262
21100090;549;340;1408
21110088;549;440;1523
21120092;549;539;1609
21130090;549;639;1671
21140077;549;739;1715
21150093;549;839;1745
21160090;549;940;1766
21170089;559;-959;-145
21180089;559;-859;-126
21190093;559;-759;-98
21200093;559;-659;-57
21210092;559;-559;0
21220091;559;-459;80
21230092;559;-359;189
21240089;559;-259;329
21250092;559;-159;499
21260092;559;-59;693
21270089;559;40;896
21280090;559;140;1093
21290091;559;240;1269
21300090;559;340;1415
21310093;559;440;1530
21320089;559;539;1616
21330090;559;639;1678
21340093;559;739;1722
21350091;559;839;1752
21360091;559;940;1773
21370093;569;-959;-138
21380091;569;-859;-119
21390092;569;-759;-91
21400108;569;-659;-51
21410099;569;-559;6
21420089;569;-459;87
21430093;569;-359;196
21440090;569;-259;336
21450089;569;-159;506
21460092;569;-59;700
21470093;569;40;903
21480090;569;140;1100
21490090;569;240;1276
21500091;569;340;1422
21510090;569;440;1537
21520091;569;539;1623
21530091;569;639;1685
21540091;569;739;1729
21550091;569;839;1759
21560091;569;940;1779
21570088;579;-959;-132
21580093;579;-859;-113
21590089;579;-759;-85
21600090;579;-659;-44
21610090;579;-559;13
21620091;579;-459;93
21630088;579;-359;202
21640088;579;-259;342
21650092;579;-159;513
21660093;579;-59;706
21670092;579;40;910
21680076;579;140;1106
21690089;579;240;1282
21700093;579;340;1429
21710091;579;440;1543
21720091;579;539;1629
21730093;579;639;1691
21740092;579;739;1735
21750093;579;839;1765
21760089;579;940;1786
21770090;589;-959;-126
21780089;589;-859;-107
21790092;589;-759;-79
21800092;589;-659;-38
21810090;589;-559;19
21820093;589;-459;100
21830089;589;-359;208
21840090;589;-259;349
21850090;589;-159;519
21860092;589;-59;713
21870090;589;40;916
21880091;589;140;1113
21890089;589;240;1288
21900091;589;340;1435
21910075;589;440;1550
21920092;589;539;1636
21930091;589;639;1698
21940093;589;739;1741
21950089;589;839;1772
21960092;589;940;1792
21970091;599;-959;-120
21980089;599;-859;-100
21990089;599;-759;-72
22000091;599;-659;-32
22010090;599;-559;25
22020090;599;-459;106
22030088;599;-359;215
22040089;599;-259;355
22050088;599;-159;525
22060089;599;-59;719
22070089;599;40;922
22080093;599;140;1119
22090090;599;240;1295
22100092;599;340;1441
22110091;599;440;1556
22120090;599;539;1642
22130090;599;639;1704
22140092;599;739;1747
22150090;599;839;1778
22160091;599;940;1798
22170091;609;-959;-114
22180090;609;-859;-95
22190077;609;-759;-67
22200091;609;-659;-26
22210091;609;-559;31
22220088;609;-459;112
22230088;609;-359;220
22240091;609;-259;360
22250093;609;-159;531
22260091;609;-59;725
22270092;609;40;928
22280089;609;140;1125
22290091;609;240;1300
22300089;609;340;1447
22310090;609;440;1562
22320093;609;539;1648
22330093;609;639;1710
22340089;609;739;1753
22350093;609;839;1784
22360091;609;940;1804
22370092;619;-959;-108
22380088;619;-859;-89
22390091;619;-759;-61
22400092;619;-659;-20
22410093;619;-559;37
22420092;619;-459;117
22430092;619;-359;226
22440092;619;-259;366
22450076;619;-159;537
22460089;619;-59;730
22470091;619;40;933
22480093;619;140;1130
22490093;619;240;1306
22500092;619;340;1452
22510091;619;440;1567
22520091;619;539;1653
22530093;619;639;1715
22540090;619;739;1759
22550093;619;839;1789
22560091;619;940;1810
22570089;629;-959;-103
22580090;629;-859;-83
22590093;629;-759;-55
22600092;629;-659;-15
22610090;629;-559;42
22620093;629;-459;123
22630092;629;-359;232
22640090;629;-259;372
22650091;629;-159;542
22660090;629;-59;736
22670091;629;40;939
22680088;629;140;1136
22690090;629;240;1312
22700091;629;340;1458
22710089;629;440;1573
22720093;629;539;1659
22730092;629;639;1721
22740090;629;739;1764
22750078;629;839;1795
22760090;629;940;1815
22770088;639;-959;-97
22780089;639;-859;-78
22790089;639;-759;-50
22800089;639;-659;-10
22810089;639;-559;47
22820091;639;-459;128
22830090;639;-359;237
22840092;639;-259;377
22850092;639;-159;547
22860090;639;-59;741
22870091;639;40;944
22880092;639;140;1141
22890089;639;240;1317
22900091;639;340;1463
22910089;639;440;1578
22920090;639;539;1664
22930091;639;639;1726
22940090;639;739;1770
22950089;639;839;1800
22960077;639;940;1821
22970093;649;-959;-92
22980091;649;-859;-73
22990091;649;-759;-45
23000089;649;-659;-4
23010092;649;-559;53
23020090;649;-459;133
23030089;649;-359;242
23040088;649;-259;382
23050090;649;-159;552
23060093;649;-59;746
23070090;649;40;949
23080091;649;140;1146
23090088;649;240;1322
23100088;649;340;1468
23110092;649;440;1583
23120091;649;539;1669
23130088;649;639;1731
23140088;649;739;1775
23150090;649;839;1805
23160078;649;940;1826
23170091;659;-959;-87
23180091;659;-859;-68
23190089;659;-759;-40
23200090;659;-659;0
23210088;659;-559;57
23220091;659;-459;138
23230089;659;-359;247
23240093;659;-259;387
23250090;659;-159;557
23260091;659;-59;751
23270089;659;40;954
23280092;659;140;1151
23290092;659;240;1327
23300088;659;340;1473
23310093;659;440;1588
23320088;659;539;1674
23330090;659;639;1736
23340091;659;739;1780
23350090;659;839;1810
23360092;659;940;1831
23370093;669;-959;-82
23380091;669;-859;-63
23390091;669;-759;-35
23400088;669;-659;4
23410088;669;-559;62
23420093;669;-459;143
23430089;669;-359;252
23440091;669;-259;392
23450093;669;-159;562
23460092;669;-59;756
23470078;669;40;959
23480089;669;140;1156
23490089;669;240;1332
23500093;669;340;1478
23510089;669;440;1593
23520091;669;539;1679
23530089;669;639;1741
23540091;669;739;1785
23550089;669;839;1815
23560089;669;940;1835
23570093;679;-959;-78
23580091;679;-859;-59
23590093;679;-759;-31
23600092;679;-659;9
23610092;679;-559;67
23620092;679;-459;148
23630090;679;-359;256
23640092;679;-259;396
23650092;679;-159;567
23660089;679;-59;760
23670090;679;40;964
23680091;679;140;1160
23690093;679;240;1336
23700092;679;340;1483
23710088;679;440;1597
23720088;679;539;1683
23730094;679;639;1745
23740092;679;739;1789
23750091;679;839;1819
23760093;679;940;1840
23770089;689;-959;-73
23780090;689;-859;-54
23790093;689;-759;-26
23800091;689;-659;13
23810093;689;-559;71
23820090;689;-459;152
23830090;689;-359;261
23840092;689;-259;401
23850090;689;-159;571
23860090;689;-59;765
23870090;689;40;968
23880093;689;140;1165
23890092;689;240;1341
23900092;689;340;1487
23910091;689;440;1602
23920093;689;539;1688
23930092;689;639;1750
23940093;689;739;1794
23950093;689;839;1824
23960093;689;940;1844
23970077;699;-959;-69
23980092;699;-859;-50
23990089;699;-759;-22
24000092;699;-659;18
24010090;699;-559;75
24020093;699;-459;156
24030091;699;-359;265
24040091;699;-259;405
24050091;699;-159;575
24060092;699;-59;769
24070093;699;40;972
24080090;699;140;1169
24090091;699;240;1345
24100088;699;340;1491
24110091;699;440;1606
24120090;699;539;1692
24130090;699;639;1754
24140093;699;739;1798
24150092;699;839;1828
24160091;699;940;1849
24170093;709;-959;-65
24180089;709;-859;-46
24190089;709;-759;-18
24200092;709;-659;22
24210089;709;-559;80
24220090;709;-459;160
24230089;709;-359;269
24240090;709;-259;409
24250090;709;-159;580
24260091;709;-59;773
24270076;709;40;976
24280088;709;140;1173
24290093;709;240;1349
24300093;709;340;1495
24310091;709;440;1610
24320091;709;539;1696
24330088;709;639;1758
24340092;709;739;1802
24350093;709;839;1832
24360093;709;940;1853
24370089;719;-959;-61
24380093;719;-859;-42
24390090;719;-759;-14
24400092;719;-659;26
24410091;719;-559;84
24420089;719;-459;164
24430093;719;-359;273
24440093;719;-259;413
24450093;719;-159;584
24460090;719;-59;777
24470093;719;40;980
24480088;719;140;1177
24490091;719;240;1353
24500089;719;340;1499
24510089;719;440;1614
24520133;719;539;1700
24530078;719;639;1762
24540091;719;739;1806
24550091;719;839;1836
24560091;719;940;1857
24570090;729;-959;-57
24580090;729;-859;-38
24590090;729;-759;-10
24600093;729;-659;29
24610090;729;-559;87
24620089;729;-459;168
24630090;729;-359;277
24640088;729;-259;417
24650090;729;-159;587
24660092;729;-59;781
24670093;729;40;984
24680089;729;140;1181
24690091;729;240;1357
24700090;729;340;1503
24710093;729;440;1618
24720091;729;539;1704
24730089;729;639;1766
24740088;729;739;1810
24750091;729;839;1840
24760088;729;940;1861
24770089;739;-959;-54
24780092;739;-859;-34
24790088;739;-759;-6
24800091;739;-659;33
24810089;739;-559;91
24820092;739;-459;172
24830090;739;-359;281
24840091;739;-259;421
24850092;739;-159;591
24860089;739;-59;785
24870088;739;40;988
24880078;739;140;1185
24890091;739;240;1361
24900090;739;340;1507
24910090;739;440;1622
24920092;739;539;1708
24930089;739;639;1770
24940092;739;739;1813
24950093;739;839;1844
24960093;739;940;1864
24970089;749;-959;-50
24980088;749;-859;-31
24990090;749;-759;-3
25000092;749;-659;37
25010091;749;-559;95
25020091;749;-459;175
25030090;749;-359;284
25040091;749;-259;424
25050089;749;-159;595
25060091;749;-59;788
25070090;749;40;991
25080092;749;140;1188
25090088;749;240;1364
25100093;749;340;1510
25110088;749;440;1625
25120089;749;539;1711
25130090;749;639;1773
25140088;749;739;1817
25150090;749;839;1847
25160089;749;940;1868
25170092;759;-959;-47
25180091;759;-859;-27
25190092;759;-759;0
25200093;759;-659;40
25210077;759;-559;98
25220088;759;-459;179
25230092;759;-359;288
25240092;759;-259;428
25250089;759;-159;598
25260088;759;-59;792
25270091;759;40;995
25280091;759;140;1192
25290092;759;240;1368
25300089;759;340;1514
25310089;759;440;1629
25320091;759;539;1715
25330090;759;639;1777
25340090;759;739;1820
25350088;759;839;1851
25360090;759;940;1871
25370088;769;-959;-43
25380089;769;-859;-24
25390091;769;-759;3
25400090;769;-659;43
25410091;769;-559;101
25420091;769;-459;182
25430092;769;-359;291
25440076;769;-259;431
25450088;769;-159;601
25460091;769;-59;795
25470089;769;40;998
25480091;769;140;1195
25490091;769;240;1371
25500089;769;340;1517
25510090;769;440;1632
25520091;769;539;1718
25530089;769;639;1780
25540091;769;739;1824
25550088;769;839;1854
25560092;769;940;1875
25570088;779;-959;-40
25580088;779;-859;-21
25590089;779;-759;6
25600093;779;-659;47
25610090;779;-559;105
25620089;779;-459;185
25630093;779;-359;294
25640090;779;-259;434
25650092;779;-159;605
25660091;779;-59;798
25670090;779;40;1001
25680088;779;140;1198
25690092;779;240;1374
25700145;779;340;1520
25710075;779;440;1635
25720108;779;539;1721
25730089;779;639;1783
25740093;779;739;1827
25750105;779;839;1857
25760093;779;940;1878
25770091;789;-959;-37
25780092;789;-859;-18
25790093;789;-759;9
25800090;789;-659;50
25810092;789;-559;108
25820090;789;-459;188
25830092;789;-359;297
25840091;789;-259;437
25850089;789;-159;608
25860092;789;-59;801
25870090;789;40;1004
25880088;789;140;1201
25890091;789;240;1377
25900093;789;340;1523
25910092;789;440;1638
25920089;789;539;1724
25930088;789;639;1786
25940089;789;739;1830
25950089;789;839;1860
25960092;789;940;1881
25970091;799;-959;-34
25980093;799;-859;-15
25990092;799;-759;12
26000091;799;-659;53
26010088;799;-559;111
26020092;799;-459;191
26030090;799;-359;300
26040091;799;-259;440
26050088;799;-159;611
26060091;799;-59;804
26070092;799;40;1007
26080090;799;140;1204
26090090;799;240;1380
26100092;799;340;1526
26110093;799;440;1641
26120092;799;539;1727
26130092;799;639;1789
26140090;799;739;1833
26150090;799;839;1863
26160090;799;940;1884
26170093;809;-959;-31
26180091;809;-859;-12
26190091;809;-759;15
26200093;809;-659;55
26210090;809;-559;113
26220090;809;-459;194
26230091;809;-359;303
26240090;809;-259;443
26250092;809;-159;632
26260088;809;-59;827
26270090;809;40;1030
26280089;809;140;1226
26290093;809;240;1399
26300089;809;340;1542
26310089;809;440;1654
26320089;809;539;1737
26330091;809;639;1797
26340091;809;739;1839
26350090;809;839;1868
26360089;809;940;1888
26370093;819;-959;-27
26380092;819;-859;-7
26390088;819;-759;21
26400091;819;-659;63
26410091;819;-559;123
26420091;819;-459;206
26430093;819;-359;318
26440088;819;-259;461
26450089;819;-159;635
26460093;819;-59;830
26470093;819;40;1033
26480092;819;140;1228
26490088;819;240;1402
26500089;819;340;1545
26510089;819;440;1657
26520089;819;539;1740
26530090;819;639;1800
26540089;819;739;1842
26550090;819;839;1871
26560093;819;940;1891
26570089;829;-959;-24
26580077;829;-859;-4
26590089;829;-759;24
26600092;829;-659;66
26610093;829;-559;126
26620091;829;-459;209
26630090;829;-359;321
26640089;829;-259;464
26650093;829;-159;637
26660092;829;-59;832
26670093;829;40;1036
26680091;829;140;1231
26690088;829;240;1404
26700089;829;340;1547
26710089;829;440;1659
26720090;829;539;1743
26730089;829;639;1803
26740092;829;739;1845
26750092;829;839;1874
26760092;829;940;1894
26770090;839;-959;-22
26780093;839;-849;-2
26790093;839;-759;26
26800091;839;-659;68
26810092;839;-559;128
26820091;839;-449;212
26830091;839;-359;323
26840092;839;-249;467
26850092;839;-149;640
26860137;839;-49;835
26870075;839;40;1038
26880173;839;150;1234
26890091;839;250;1407
26900103;839;350;1550
26910089;839;450;1662
26920090;839;549;1745
26930090;839;649;1805
26940093;839;749;1847
26950089;839;849;1876
26960089;839;950;1896
26970091;849;-949;-19
26980089;849;-849;0
26990091;849;-749;29
27000093;849;-649;71
27010092;849;-549;131
27020093;849;-449;214
27030089;849;-349;326
27040093;849;-249;469
27050090;849;-149;642
27060091;849;-49;837
27070088;849;50;1041
27080090;849;150;1236
27090089;849;250;1409
27100089;849;350;1552
27110089;849;450;1664
27120091;849;549;1748
27130093;849;649;1808
27140089;849;749;1850
27150088;849;849;1879
27160090;849;950;1899
27170090;859;-949;-17
27180091;859;-849;2
27190092;859;-749;31
27200091;859;-649;73
27210091;859;-549;133
27220088;859;-449;216
27230090;859;-349;328
27240091;859;-249;471
27250091;859;-149;645
27260092;859;-49;840
27270091;859;50;1043
27280088;859;150;1238
27290089;859;250;1412
27300092;859;350;1555
27310091;859;450;1667
27320091;859;549;1750
27330091;859;649;1810
27340078;859;749;1852
27350091;859;849;1881
27360093;859;950;1901
27370088;869;-949;-15
27380093;869;-849;4
27390093;869;-749;33
27400090;869;-649;75
27410091;869;-549;135
27420091;869;-449;219
27430091;869;-349;330
27440093;869;-249;474
27450089;869;-149;647
27460090;869;-49;842
27470088;869;50;1045
27480089;869;150;1241
27490091;869;250;1414
27500092;869;350;1557
27510092;869;450;1669
27520092;869;549;1752
27530092;869;649;1812
27540090;869;749;1854
27550090;869;849;1883
27560091;869;950;1903
27570089;879;-949;-13
27580093;879;-849;6
27590089;879;-749;35
27600089;879;-649;77
27610101;879;-549;137
27620197;879;-449;221
27630079;879;-349;333
27640092;879;-249;476
27650089;879;-149;649
27660090;879;-49;844
27670091;879;50;1048
27680090;879;150;1243
27690089;879;250;1416
27700091;879;350;1559
27710088;879;450;1671
27720091;879;549;1754
27730089;879;649;1814
27740093;879;749;1856
27750088;879;849;1885
27760089;879;950;1905
27770089;889;-949;-10
27780088;889;-849;8
27790090;889;-749;37
27800093;889;-649;80
27810091;889;-549;140
27820090;889;-449;223
27830091;889;-349;335
27840090;889;-249;478
27850090;889;-149;651
27860092;889;-49;846
27870090;889;50;1050
27880089;889;150;1245
27890091;889;250;1418
27900089;889;350;1561
27910092;889;450;1673
27920089;889;549;1756
27930092;889;649;1816
27940091;889;749;1859
27950088;889;849;1888
27960088;889;950;1907
27970092;900;-949;-8
27980093;900;-849;10
27990092;900;-749;39
28000091;900;-649;82
28010093;900;-549;142
28020089;900;-449;225
28030091;900;-349;337
28040091;900;-249;480
28050090;900;-149;653
28060092;900;-49;848
28070075;900;50;1052
28080092;900;150;1247
28090093;900;250;1420
28100091;900;350;1563
28110093;900;450;1675
28120089;900;549;1758
28130090;900;649;1818
28140091;900;749;1861
28150092;900;849;1890
28160089;900;950;1909
28170093;910;-949;-7
28180089;910;-849;12
28190091;910;-749;41
28200092;910;-649;84
28210092;910;-549;143
28220089;910;-449;227
28230092;910;-349;339
28240091;910;-249;482
28250093;910;-149;655
28260091;910;-49;850
28270091;910;50;1054
28280092;910;150;1249
28290092;910;250;1422
28300091;910;350;1565
28310089;910;450;1677
28320088;910;549;1760
28330093;910;649;1820
28340125;910;749;1862
28350183;910;849;1892
28360088;910;950;1911
28370089;920;-949;-5
28380086;920;-849;14
28390092;920;-749;43
28400090;920;-649;85
28410089;920;-549;145
28420091;920;-449;229
28430092;920;-349;340
28440089;920;-249;484
28450092;920;-149;657
28460089;920;-49;852
28470090;920;50;1055
28480089;920;150;1251
28490089;920;250;1424
28500091;920;350;1567
28510088;920;450;1679
28520089;920;549;1762
28530089;920;649;1822
28540090;920;749;1864
28550091;920;849;1893
28560090;920;950;1913
28570092;930;-949;-3
28580091;930;-849;16
28590088;930;-749;45
28600088;930;-649;87
28610091;930;-549;147
28620093;930;-449;230
28630092;930;-349;342
28640092;930;-249;485
28650088;930;-149;659
28660090;930;-49;854
28670092;930;50;1057
28680091;930;150;1252
28690090;930;250;1426
28700089;930;350;1569
28710092;930;450;1681
28720088;930;549;1764
28730092;930;649;1824
28740092;930;749;1866
28750089;930;849;1895
28760091;930;950;1915
28770092;940;-949;-1
28780090;940;-849;18
28790078;940;-749;47
28800107;940;-649;89
28810207;940;-549;149
28820080;940;-449;232
28830091;940;-349;344
28840091;940;-249;487
28850089;940;-149;660
28860093;940;-49;856
28870089;940;50;1059
28880088;940;150;1254
28890089;940;250;1427
28900090;940;350;1571
28910088;940;450;1682
28920089;940;549;1766
28930093;940;649;1826
28940091;940;749;1868
28950093;940;849;1897
28960090;940;950;1917
28970093;950;-949;0
28980090;950;-849;19
28990093;950;-749;48
29000091;950;-649;91
29010090;950;-549;151
29020091;950;-449;234
29030090;950;-349;346
29040090;950;-249;489
29050093;950;-149;662
29060090;950;-49;857
29070091;950;50;1061
29080090;950;150;1256
29090090;950;250;1429
29100091;950;350;1572
29110091;950;450;1684
29120091;950;549;1767
29130088;950;649;1827
29140088;950;749;1869
29150088;950;849;1899
29160089;950;950;1918
29170093;960;-949;1
29180092;960;-849;21
29190092;960;-749;50
29200093;960;-649;92
29210092;960;-549;152
29220089;960;-449;235
29230093;960;-349;347
29240092;960;-249;490
29250092;960;-149;664
29260088;960;-49;859
29270077;960;50;1062
29280093;960;150;1257
29290089;960;250;1431
29300092;960;350;1574
29310088;960;450;1686
29320089;960;549;1769
29330088;960;649;1829
29340093;960;749;1871
29350093;960;849;1900
29360088;960;950;1920
29370091;970;-949;3
29380091;970;-849;22
29390093;970;-749;52
29400091;970;-649;94
29410093;970;-549;154
29420090;970;-449;237
29430093;970;-349;349
29440089;970;-249;492
29450090;970;-149;665
29460092;970;-49;860
29470088;970;50;1064
29480092;970;150;1259
29490091;970;250;1432
29500091;970;350;1575
29510092;970;450;1687
29520091;970;549;1770
29530092;970;649;1830
29540090;970;749;1873
29550089;970;849;1902
29560093;970;950;1921
29570088;980;-949;4
29580093;980;-849;24
29590169;980;-749;53
29600080;980;-649;95
29610092;980;-549;155
29620093;980;-449;238
29630090;980;-349;350
29640090;980;-249;493
29650090;980;-149;667
29660093;980;-49;862
29670089;980;50;1065
29680089;980;150;1260
29690093;980;250;1434
29700091;980;350;1577
29710093;980;450;1689
29720092;980;549;1772
29730092;980;649;1832
29740088;980;749;1874
29750091;980;849;1903
29760092;980;950;1923
29770093;990;-949;6
29780091;990;-849;25
29790091;990;-749;54
29800090;990;-649;97
29810089;990;-549;157
29820090;990;-449;240
29830090;990;-349;352
29840092;990;-249;495
29850091;990;-149;668
29860091;990;-49;863
29870091;990;50;1067
29880090;990;150;1262
29890091;990;250;1435
29900091;990;350;1578
29910092;990;450;1690
29920105;990;549;1773
29930076;990;649;1833
29940088;990;749;1875
29950089;990;849;1905
29960092;990;950;1924
29970093;-1000;-949;-1926
29980089;-1000;-849;-1906
29990091;-1000;-749;-1877
30000093;-1000;-649;-1835
30010091;-1000;-549;-1775
30020092;-1000;-449;-1691
30030089;-1000;-349;-1580
30040092;-1000;-249;-1436
30050092;-1000;-149;-1263
30060090;-1000;-49;-1068
30070092;-1000;50;-865
30080088;-1000;150;-669
30090090;-1000;250;-496
30100091;-1000;350;-353
30110093;-1000;450;-241
30120093;-1000;549;-158
30130091;-1000;649;-98
30140093;-1000;749;-56
30150088;-1000;849;-27
30160089;-1000;950;-7
30170088;-989;-949;-1924
30180093;-989;-849;-1905
30190089;-989;-749;-1875
30200090;-989;-649;-1833
30210088;-989;-549;-1773
30220093;-989;-449;-1690
30230092;-989;-349;-1578
30240093;-989;-249;-1435
30250089;-989;-149;-1262
30260090;-989;-49;-1067
30270089;-989;50;-863
30280090;-989;150;-668
30290088;-989;250;-495
30300076;-989;350;-352
30310090;-989;450;-240
30320093;-989;549;-157
30330088;-989;649;-97
30340088;-989;749;-54
30350089;-989;849;-25
30360092;-989;950;-6
30370090;-979;-949;-1923
30380091;-979;-849;-1903
30390090;-979;-749;-1874
30400089;-979;-649;-1832
30410089;-979;-549;-1772
30420093;-979;-449;-1689
30430090;-979;-349;-1577
30440092;-979;-249;-1434
30450092;-979;-149;-1260
30460090;-979;-49;-1065
30470092;-979;50;-862
30480091;-979;150;-667
30490093;-979;250;-493
30500093;-979;350;-350
30510088;-979;450;-238
30520091;-979;549;-155
30530088;-979;649;-95
30540092;-979;749;-53
30550092;-979;849;-24
30560092;-979;950;-4
30570090;-969;-949;-1921
30580089;-969;-849;-1902
30590089;-969;-749;-1873
30600089;-969;-649;-1830
30610093;-969;-549;-1770
30620091;-969;-449;-1687
30630088;-969;-349;-1575
30640088;-969;-249;-1432
30650088;-969;-149;-1259
30660088;-969;-49;-1064
30670094;-969;50;-860
30680099;-969;150;-665
30690088;-969;250;-492
30700091;-969;350;-349
30710091;-969;450;-237
30720089;-969;549;-154
30730092;-969;649;-94
30740090;-969;749;-52
30750088;-969;849;-22
30760091;-969;950;-3
30770089;-959;-949;-1920
30780091;-959;-849;-1900
30790093;-959;-749;-1871
30800092;-959;-649;-1829
30810091;-959;-549;-1769
30820092;-959;-449;-1686
30830092;-959;-349;-1574
30840092;-959;-249;-1431
30850090;-959;-149;-1257
30860092;-959;-49;-1062
30870092;-959;50;-859
30880093;-959;150;-664
30890090;-959;250;-490
30900090;-959;350;-347
30910092;-959;450;-235
30920090;-959;549;-152
30930090;-959;649;-92
30940091;-959;749;-50
30950075;-959;849;-21
30960091;-959;950;-1
30970091;-949;-949;-1918
30980089;-949;-849;-1899
30990089;-949;-749;-1869
31000088;-949;-649;-1827
31010091;-949;-549;-1767
31020091;-949;-449;-1684
31030088;-949;-349;-1572
31040092;-949;-249;-1429
31050093;-949;-149;-1256
31060092;-949;-49;-1061
31070091;-949;50;-857
31080091;-949;150;-662
31090089;-949;250;-489
31100089;-949;350;-346
31110089;-949;450;-234
31120091;-949;549;-151
31130089;-949;649;-91
31140089;-949;749;-48
31150090;-949;849;-19
31160089;-949;950;0
31170093;-939;-949;-1917
31180089;-939;-849;-1897
31190092;-939;-749;-1868
31200088;-939;-649;-1826
31210091;-939;-549;-1766
31220089;-939;-449;-1682
31230089;-939;-349;-1571
31240078;-939;-249;-1427
31250093;-939;-149;-1254
31260093;-939;-49;-1059
31270091;-939;50;-856
31280091;-939;150;-660
31290089;-939;250;-487
31300088;-939;350;-344
31310091;-939;450;-232
31320090;-939;549;-149
31330090;-939;649;-89
31340089;-939;749;-47
31350090;-939;849;-18
31360093;-939;950;1
31370089;-929;-949;-1915
31380091;-929;-849;-1895
31390089;-929;-749;-1866
31400089;-929;-649;-1824
31410092;-929;-549;-1764
31420092;-929;-449;-1681
31430090;-929;-349;-1569
31440093;-929;-249;-1426
31450093;-929;-149;-1252
31460088;-929;-49;-1057
31470091;-929;50;-854
31480090;-929;150;-659
31490089;-929;250;-485
31500091;-929;350;-342
31510090;-929;450;-230
31520090;-929;549;-147
31530091;-929;649;-87
31540090;-929;749;-45
31550092;-929;849;-16
31560090;-929;950;3
31570093;-919;-949;-1913
31580091;-919;-849;-1893
31590089;-919;-749;-1864
31600093;-919;-649;-1822
31610089;-919;-549;-1762
31620091;-919;-449;-1679
31630093;-919;-349;-1567
31640091;-919;-249;-1424
31650092;-919;-149;-1251
31660090;-919;-49;-1055
31670093;-919;50;-852
31680088;-919;150;-657
31690092;-919;250;-484
31700090;-919;350;-340
31710089;-919;450;-229
31720092;-919;549;-145
31730090;-919;649;-85
31740091;-919;749;-43
31750089;-919;849;-14
31760093;-919;950;5
31770093;-909;-949;-1911
31780088;-909;-849;-1892
31790089;-909;-749;-1862
31800093;-909;-649;-1820
31810088;-909;-549;-1760
31820090;-909;-449;-1677
31830091;-909;-349;-1565
31840093;-909;-249;-1422
31850078;-909;-149;-1249
31860089;-909;-49;-1054
31870090;-909;50;-850
31880089;-909;150;-655
31890089;-909;250;-482
31900092;-909;350;-339
31910088;-909;450;-227
31920089;-909;549;-143
31930088;-909;649;-84
31940092;-909;749;-41
31950092;-909;849;-12
31960092;-909;950;7
31970089;-899;-949;-1909
31980089;-899;-849;-1890
31990091;-899;-749;-1861
32000090;-899;-649;-1818
32010088;-899;-549;-1758
32020089;-899;-449;-1675
32030093;-899;-349;-1563
32040090;-899;-249;-1420
32050089;-899;-149;-1247
32060092;-899;-49;-1052
32070091;-899;50;-848
32080091;-899;150;-653
32090090;-899;250;-480
32100091;-899;350;-337
32110088;-899;450;-225
32120091;-899;549;-142
32130091;-899;649;-82
32140088;-899;749;-39
32150092;-899;849;-10
32160091;-899;950;8
32170077;-889;-949;-1907
32180093;-889;-849;-1888
32190091;-889;-749;-1858
32200091;-889;-649;-1816
32210093;-889;-549;-1756
32220093;-889;-449;-1673
32230093;-889;-349;-1561
32240090;-889;-249;-1418
32250089;-889;-149;-1245
32260091;-889;-49;-1050
32270091;-889;50;-846
32280089;-889;150;-651
32290093;-889;250;-478
32300091;-889;350;-335
32310090;-889;450;-223
32320092;-889;549;-140
32330093;-889;649;-80
32340092;-889;749;-37
32350091;-889;849;-8
32360091;-889;950;10
32370092;-879;-949;-1905
32380091;-879;-849;-1885
32390088;-879;-749;-1856
32400091;-879;-649;-1814
32410088;-879;-549;-1754
32420090;-879;-449;-1671
32430090;-879;-349;-1559
32440093;-879;-249;-1416
32450076;-879;-149;-1243
32460091;-879;-49;-1048
32470089;-879;50;-844
32480089;-879;150;-649
32490092;-879;250;-476
32500093;-879;350;-333
32510092;-879;450;-221
32520092;-879;549;-137
32530092;-879;649;-77
32540091;-879;749;-35
32550089;-879;849;-6
32560093;-879;950;13
32570091;-869;-949;-1903
32580091;-869;-849;-1883
32590092;-869;-749;-1854
32600089;-869;-649;-1812
32610088;-869;-549;-1752
32620090;-869;-449;-1669
32630090;-869;-349;-1557
32640093;-869;-249;-1414
32650089;-869;-149;-1241
32660089;-869;-49;-1045
32670092;-869;50;-842
32680090;-869;150;-647
32690090;-869;250;-474
32700090;-869;350;-330
32710078;-869;450;-219
32720091;-869;549;-135
32730092;-869;649;-75
32740092;-869;749;-33
32750093;-869;849;-4
32760088;-869;950;15
32770091;-859;-949;-1901
32780090;-859;-849;-1881
32790088;-859;-749;-1852
32800092;-859;-649;-1810
32810093;-859;-549;-1750
32820091;-859;-449;-1667
32830091;-859;-349;-1555
32840090;-859;-249;-1412
32850089;-859;-149;-1238
32860092;-859;-49;-1043
32870088;-859;50;-840
32880088;-859;150;-645
32890091;-859;250;-471
32900092;-859;350;-328
32910089;-859;450;-216
32920088;-859;549;-133
32930092;-859;649;-73
32940089;-859;749;-31
32950091;-859;849;-2
32960088;-859;950;17
32970090;-849;-949;-1899
32980077;-849;-849;-1879
32990093;-849;-749;-1850
33000089;-849;-649;-1808
33010093;-849;-549;-1748
33020091;-849;-449;-1664
33030091;-849;-349;-1552
33040089;-849;-249;-1409
33050092;-849;-149;-1236
33060091;-849;-49;-1041
33070091;-849;50;-837
33080091;-849;150;-642
33090092;-849;250;-469
33100091;-849;350;-326
33110092;-849;450;-214
33120092;-849;549;-131
33130091;-849;649;-71
33140092;-849;749;-29
33150093;-849;849;0
33160092;-849;950;19
33170090;-839;-949;-1896
33180093;-839;-849;-1876
33190092;-839;-749;-1847
33200093;-839;-649;-1805
33210091;-839;-549;-1745
33220077;-839;-449;-1662
33230091;-839;-349;-1550
33240091;-839;-249;-1407
33250091;-839;-149;-1234
33260092;-839;-49;-1038
33270091;-839;50;-835
33280090;-839;150;-640
33290092;-839;250;-467
33300092;-839;350;-323
33310090;-839;450;-212
33320088;-839;549;-128
33330090;-839;649;-68
33340090;-839;749;-26
33350090;-839;849;2
33360093;-839;950;22
33370089;-829;-949;-1894
33380092;-829;-849;-1874
33390092;-829;-749;-1845
33400090;-829;-649;-1803
33410088;-829;-549;-1743
33420089;-829;-449;-1659
33430089;-829;-349;-1547
33440090;-829;-249;-1404
33450091;-829;-149;-1231
33460091;-829;-49;-1036
33470088;-829;50;-832
33480091;-829;150;-637
33490092;-829;250;-464
33500090;-829;350;-321
33510076;-829;450;-209
33520090;-829;549;-126
33530091;-829;649;-66
33540090;-829;749;-24
33550091;-829;849;4
33560093;-829;950;24
33570092;-819;-949;-1891
33580093;-819;-849;-1871
33590091;-819;-749;-1842
33600089;-819;-649;-1800
33610093;-819;-549;-1740
33620089;-819;-449;-1657
33630091;-819;-349;-1545
33640093;-819;-249;-1402
33650091;-819;-149;-1228
33660092;-819;-49;-1033
33670088;-819;50;-830
33680093;-819;150;-635
33690089;-819;250;-461
33700079;-819;350;-318
33710093;-819;450;-206
33720092;-819;549;-123
33730091;-819;649;-63
33740089;-819;749;-21
33750093;-819;849;7
33760092;-819;950;27
33770093;-809;-949;-1888
33780091;-809;-849;-1868
33790091;-809;-749;-1839
33800089;-809;-649;-1797
33810089;-809;-549;-1737
33820088;-809;-449;-1654
33830091;-809;-349;-1542
33840090;-809;-249;-1399
33850091;-809;-149;-1226
33860092;-809;-49;-1030
33870088;-809;50;-827
33880088;-809;150;-632
33890090;-809;250;-459
33900088;-809;350;-315
33910090;-809;450;-204
33920089;-809;549;-120
33930092;-809;649;-60
33940092;-809;749;-18
33950093;-809;849;10
33960088;-809;950;30
33970075;-799;-949;-1885
33980093;-799;-849;-1866
33990093;-799;-749;-1836
34000091;-799;-649;-1794
34010089;-799;-549;-1734
34020092;-799;-449;-1651
34030089;-799;-349;-1539
34040088;-799;-249;-1396
34050093;-799;-149;-1223
34060091;-799;-49;-1028
34070091;-799;50;-824
34080091;-799;150;-629
34090090;-799;250;-456
34100089;-799;350;-313
34110089;-799;450;-201
34120091;-799;549;-118
34130092;-799;649;-58
34140092;-799;749;-15
34150090;-799;849;13
34160088;-799;950;32
34170093;-789;-949;-1882
34180078;-789;-849;-1863
34190093;-789;-749;-1834
34200090;-789;-649;-1791
34210091;-789;-549;-1731
34220089;-789;-449;-1648
34230091;-789;-349;-1536
34240089;-789;-249;-1393
34250088;-789;-149;-1220
34260090;-789;-49;-1025
34270093;-789;50;-821
34280091;-789;150;-626
34290088;-789;250;-453
34300089;-789;350;-310
34310093;-789;450;-198
34320092;-789;549;-115
34330090;-789;649;-55
34340093;-789;749;-12
34350091;-789;849;16
34360088;-789;950;35
34370089;-779;-949;-1879
34380093;-779;-849;-1860
34390076;-779;-749;-1830
34400092;-779;-649;-1788
34410090;-779;-549;-1728
34420093;-779;-449;-1645
34430091;-779;-349;-1533
34440093;-779;-249;-1390
34450089;-779;-149;-1217
34460090;-779;-49;-1022
34470090;-779;50;-818
34480089;-779;150;-623
34490090;-779;250;-450
34500089;-779;350;-307
34510093;-779;450;-195
34520091;-779;549;-112
34530093;-779;649;-52
34540092;-779;749;-9
34550091;-779;849;19
34560089;-779;950;39
34570091;-769;-949;-1876
34580090;-769;-849;-1856
34590089;-769;-749;-1827
34600092;-769;-649;-1785
34610093;-769;-549;-1725
34620089;-769;-449;-1642
34630089;-769;-349;-1530
34640078;-769;-249;-1387
34650091;-769;-149;-1214
34660093;-769;-49;-1018
34670090;-769;50;-815
34680090;-769;150;-620
34690091;-769;250;-447
34700090;-769;350;-303
34710089;-769;450;-192
34720091;-769;549;-108
34730092;-769;649;-48
34740090;-769;749;-6
34750091;-769;849;22
34760090;-769;950;42
34770092;-759;-949;-1873
34780093;-759;-849;-1853
34790091;-759;-749;-1824
34800089;-759;-649;-1782
34810093;-759;-549;-1722
34820092;-759;-449;-1639
34830092;-759;-349;-1527
34840092;-759;-249;-1384
34850093;-759;-149;-1210
34860093;-759;-49;-1015
34870093;-759;50;-812
34880091;-759;150;-617
34890089;-759;250;-443
34900077;-759;350;-300
34910092;-759;450;-188
34920092;-759;549;-105
34930090;-759;649;-45
34940089;-759;749;-3
34950088;-759;849;25
34960092;-759;950;45
34970091;-749;-949;-1869
34980092;-749;-849;-1850
34990090;-749;-749;-1821
35000092;-749;-649;-1778
35010090;-749;-549;-1718
35020091;-749;-449;-1635
35030092;-749;-349;-1523
35040093;-749;-249;-1380
35050088;-749;-149;-1207
35060093;-749;-49;-1012
35070093;-749;50;-808
35080091;-749;150;-613
35090093;-749;250;-440
35100090;-749;350;-297
35110092;-749;450;-185
35120089;-749;549;-102
35130091;-749;649;-42
35140093;-749;749;0
35150089;-749;849;29
35160091;-749;950;48
35170077;-739;-949;-1866
35180089;-739;-849;-1846
35190093;-739;-749;-1817
35200091;-739;-649;-1775
35210091;-739;-549;-1715
35220091;-739;-449;-1632
35230090;-739;-349;-1520
35240090;-739;-249;-1377
35250093;-739;-149;-1203
35260093;-739;-49;-1008
35270091;-739;50;-805
35280093;-739;150;-610
35290092;-739;250;-436
35300090;-739;350;-293
35310089;-739;450;-181
35320089;-739;549;-98
35330089;-739;649;-38
35340088;-739;749;3
35350092;-739;849;32
35360092;-739;950;52
35370092;-729;-949;-1862
35380093;-729;-849;-1842
35390092;-729;-749;-1813
35400090;-729;-649;-1771
35410091;-729;-549;-1711
35420089;-729;-449;-1628
35430091;-729;-349;-1516
35440092;-729;-249;-1373
35450091;-729;-149;-1200
35460088;-729;-49;-1004
35470092;-729;50;-801
35480090;-729;150;-606
35490093;-729;250;-433
35500076;-729;350;-289
35510092;-729;450;-178
35520092;-729;549;-94
35530088;-729;649;-34
35540090;-729;749;7
35550089;-729;849;36
35560090;-729;950;56
35570093;-719;-949;-1858
35580089;-719;-849;-1839
35590093;-719;-749;-1809
35600093;-719;-649;-1767
35610091;-719;-549;-1707
35620089;-719;-449;-1624
35630093;-719;-349;-1512
35640089;-719;-249;-1369
35650092;-719;-149;-1196
35660090;-719;-49;-1001
35670092;-719;50;-797
35680092;-719;150;-602
35690090;-719;250;-429
35700088;-719;350;-286
35710089;-719;450;-174
35720090;-719;549;-91
35730091;-719;649;-31
35740094;-719;749;11
35750076;-719;849;40
35760090;-719;950;59
35770090;-709;-949;-1854
35780090;-709;-849;-1835
35790091;-709;-749;-1806
35800091;-709;-649;-1763
35810093;-709;-549;-1703
35820091;-709;-449;-1620
35830088;-709;-349;-1508
35840089;-709;-249;-1365
35850093;-709;-149;-1192
35860089;-709;-49;-997
35870090;-709;50;-793
35880092;-709;150;-598
35890089;-709;250;-425
35900090;-709;350;-282
35910088;-709;450;-170
35920092;-709;549;-87
35930090;-709;649;-27
35940093;-709;749;15
35950089;-709;849;44
35960092;-709;950;63
35970089;-699;-949;-1850
35980091;-699;-849;-1830
35990091;-699;-749;-1801
36000093;-699;-649;-1759
36010093;-699;-549;-1699
36020078;-699;-449;-1616
36030093;-699;-349;-1504
36040091;-699;-249;-1361
36050091;-699;-149;-1188
36060092;-699;-49;-993
36070090;-699;50;-789
36080093;-699;150;-594
36090089;-699;250;-421
36100093;-699;350;-278
36110092;-699;450;-166
36120089;-699;549;-82
36130091;-699;649;-22
36140089;-699;749;19
36150088;-699;849;48
36160090;-699;950;68
36170090;-689;-949;-1846
36180091;-689;-849;-1826
36190089;-689;-749;-1797
36200092;-689;-649;-1755
36210091;-689;-549;-1695
36220092;-689;-449;-1612
36230091;-689;-349;-1500
36240089;-689;-249;-1357
36250091;-689;-149;-1184
36260090;-689;-49;-988
36270091;-689;50;-785
36280089;-689;150;-590
36290092;-689;250;-416
36300090;-689;350;-273
36310077;-689;450;-161
36320092;-689;549;-78
36330093;-689;649;-18
36340093;-689;749;23
36350091;-689;849;52
36360090;-689;950;72
36370092;-679;-949;-1842
36380092;-679;-849;-1822
36390090;-679;-749;-1793
36400093;-679;-649;-1751
36410091;-679;-549;-1691
36420089;-679;-449;-1607
36430091;-679;-349;-1496
36440091;-679;-249;-1352
36450093;-679;-149;-1179
36460089;-679;-49;-984
36470089;-679;50;-780
36480089;-679;150;-585
36490090;-679;250;-412
36500093;-679;350;-269
36510089;-679;450;-157
36520091;-679;549;-74
36530090;-679;649;-14
36540091;-679;749;27
36550093;-679;849;56
36560093;-679;950;76
36570090;-669;-949;-1837
36580090;-669;-849;-1817
36590088;-669;-749;-1788
36600092;-669;-649;-1746
36610091;-669;-549;-1686
36620093;-669;-449;-1603
36630091;-669;-349;-1491
36640078;-669;-249;-1348
36650088;-669;-149;-1174
36660091;-669;-49;-979
36670092;-669;50;-776
36680093;-669;150;-581
36690090;-669;250;-407
36700091;-669;350;-264
36710089;-669;450;-152
36720092;-669;549;-69
36730088;-669;649;-9
36740091;-669;749;32
36750091;-669;849;61
36760089;-669;950;81
36770090;-659;-949;-1832
36780088;-659;-849;-1812
36790092;-659;-749;-1783
36800093;-659;-649;-1741
36810089;-659;-549;-1681
36820089;-659;-449;-1598
36830093;-659;-349;-1486
36840090;-659;-249;-1343
36850090;-659;-149;-1170
36860091;-659;-49;-975
36870089;-659;50;-771
36880089;-659;150;-576
36890090;-659;250;-403
36900091;-659;350;-259
36910092;-659;450;-148
36920092;-659;549;-57
36930090;-659;649;-4
36940091;-659;749;37
36950088;-659;849;66
36960088;-659;950;87
36970091;-649;-949;-1826
36980089;-649;-849;-1808
36990093;-649;-749;-1775
37000088;-649;-649;-1731
37010089;-649;-549;-1676
37020088;-649;-449;-1593
37030089;-649;-349;-1481
37040092;-649;-249;-1322
37050090;-649;-149;-1165
37060091;-649;-49;-949
37070091;-649;50;-746
37080093;-649;150;-552
37090093;-649;250;-382
37100091;-649;350;-242
37110089;-649;450;-133
37120088;-649;549;-53
37130089;-649;649;4
37140091;-649;749;45
37150090;-649;849;73
37160091;-649;950;92
37170093;-639;-949;-1821
37180091;-639;-849;-1800
37190092;-639;-749;-1770
37200092;-639;-649;-1726
37210090;-639;-549;-1664
37220092;-639;-449;-1578
37230092;-639;-349;-1463
37240089;-639;-249;-1317
37250077;-639;-149;-1141
37260091;-639;-49;-944
37270090;-639;50;-741
37280090;-639;150;-547
37290091;-639;250;-377
37300089;-639;350;-237
37310088;-639;450;-128
37320090;-639;549;-47
37330093;-639;649;10
37340091;-639;749;50
37350091;-639;849;78
37360092;-639;950;97
37370093;-629;-949;-1815
37380089;-629;-849;-1795
37390090;-629;-749;-1764
37400092;-629;-649;-1721
37410089;-629;-549;-1659
37420091;-629;-449;-1573
37430093;-629;-339;-1458
37440092;-629;-239;-1312
37450093;-629;-139;-1136
37460093;-629;-39;-939
37470092;-629;50;-736
37480093;-629;150;-542
37490092;-629;250;-372
37500090;-629;360;-232
37510093;-629;460;-123
37520092;-629;549;-42
37530091;-629;649;15
37540090;-629;749;55
37550077;-629;849;83
37560090;-629;960;103
37570090;-619;-949;-1810
37580092;-619;-839;-1789
37590091;-619;-739;-1759
37600091;-619;-639;-1715
37610090;-619;-539;-1653
37620089;-619;-439;-1567
37630093;-619;-339;-1452
37640091;-619;-239;-1306
37650092;-619;-139;-1130
37660091;-619;-39;-933
37670093;-619;60;-730
37680092;-619;160;-537
37690089;-619;260;-366
37700088;-619;360;-226
37710091;-619;460;-117
37720090;-619;559;-37
37730089;-619;659;20
37740088;-619;759;61
37750091;-619;859;89
37760089;-619;960;108
37770089;-609;-939;-1804
37780091;-609;-839;-1784
37790092;-609;-739;-1753
37800090;-609;-639;-1710
37810091;-609;-539;-1648
37820091;-609;-439;-1562
37830091;-609;-339;-1447
37840092;-609;-239;-1300
37850092;-609;-139;-1125
37860093;-609;-39;-928
37870093;-609;60;-725
37880089;-609;160;-531
37890089;-609;260;-360
37900093;-609;360;-220
37910091;-609;460;-112
37920088;-609;559;-31
37930090;-609;659;26
37940091;-609;759;67
37950093;-609;859;95
37960091;-609;960;114
37970077;-599;-939;-1798
37980090;-599;-839;-1778
37990091;-599;-739;-1747
38000089;-599;-639;-1704
38010090;-599;-539;-1642
38020090;-599;-439;-1556
38030093;-599;-339;-1441
38040088;-599;-239;-1295
38050089;-599;-139;-1119
38060089;-599;-39;-922
38070092;-599;60;-719
38080093;-599;160;-525
38090093;-599;260;-355
38100088;-599;360;-215
38110090;-599;460;-106
38120091;-599;559;-25
38130091;-599;659;32
38140090;-599;759;72
38150091;-599;859;100
38160093;-599;960;120
38170091;-589;-939;-1792
38180092;-589;-839;-1772
38190092;-589;-739;-1741
38200092;-589;-639;-1698
38210093;-589;-539;-1636
38220091;-589;-439;-1550
38230091;-589;-339;-1435
38240092;-589;-239;-1288
38250077;-589;-139;-1113
38260093;-589;-39;-916
38270093;-589;60;-713
38280090;-589;160;-519
38290092;-589;260;-349
38300088;-589;360;-208
38310090;-589;460;-100
38320090;-589;559;-19
38330092;-589;659;38
38340090;-589;759;79
38350090;-589;859;107
38360092;-589;960;126
38370090;-579;-939;-1786
38380093;-579;-839;-1765
38390091;-579;-739;-1735
38400090;-579;-639;-1691
38410093;-579;-539;-1629
38420090;-579;-439;-1543
38430091;-579;-339;-1429
38440090;-579;-239;-1282
38450092;-579;-139;-1106
38460091;-579;-39;-910
38470092;-579;60;-706
38480089;-579;160;-513
38490090;-579;260;-342
38500101;-579;360;-202
38510076;-579;460;-93
38520090;-579;559;-13
38530090;-579;659;44
38540088;-579;759;85
38550089;-579;859;113
38560089;-579;960;132
38570093;-569;-939;-1779
38580091;-569;-839;-1759
38590089;-569;-739;-1729
38600090;-569;-639;-1685
38610088;-569;-539;-1623
38620090;-569;-439;-1537
38630090;-569;-339;-1422
38640093;-569;-239;-1276
38650089;-569;-139;-1100
38660090;-569;-39;-903
38670089;-569;60;-700
38680093;-569;160;-506
38690089;-569;260;-336
38700092;-569;360;-196
38710092;-569;460;-87
38720090;-569;559;-6
38730090;-569;659;51
38740092;-569;759;91
38750091;-569;859;119
38760092;-569;960;138
38770089;-559;-939;-1773
38780088;-559;-839;-1752
38790089;-559;-739;-1722
38800088;-559;-639;-1678
38810091;-559;-539;-1616
38820091;-559;-439;-1530
38830089;-559;-339;-1415
38840088;-559;-239;-1269
38850090;-559;-139;-1093
38860092;-559;-39;-896
38870090;-559;60;-693
38880091;-559;160;-499
38890088;-559;260;-329
38900089;-559;360;-189
38910089;-559;460;-80
38920092;-559;559;0
38930091;-559;659;57
38940093;-559;759;98
38950091;-559;859;126
38960089;-559;960;145
38970091;-549;-939;-1766
38980090;-549;-839;-1745
38990091;-549;-739;-1715
39000092;-549;-639;-1671
39010091;-549;-539;-1609
39020088;-549;-439;-1523
39030092;-549;-339;-1408
39040091;-549;-239;-1262
39050093;-549;-139;-1086
39060090;-549;-39;-889
39070090;-549;60;-686
39080093;-549;160;-493
39090089;-549;260;-322
39100091;-549;360;-182
39110077;-549;460;-73
39120089;-549;559;6
39130093;-549;659;64
39140090;-549;759;105
39150089;-549;859;133
39160091;-549;960;152
39170092;-539;-939;-1759
39180090;-539;-839;-1738
39190089;-539;-739;-1708
39200088;-539;-639;-1664
39210090;-539;-539;-1602
39220092;-539;-439;-1516
39230091;-539;-339;-1401
39240093;-539;-239;-1255
39250089;-539;-139;-1079
39260089;-539;-39;-882
39270090;-539;60;-679
39280092;-539;160;-485
39290088;-539;260;-315
39300091;-539;360;-175
39310088;-539;460;-66
39320089;-539;559;14
39330092;-539;659;72
39340089;-539;759;112
39350091;-539;859;140
39360095;-539;960;159
39370146;-529;-939;-1751
39380076;-529;-839;-1730
39390093;-529;-739;-1700
39400090;-529;-639;-1657
39410089;-529;-539;-1595
39420093;-529;-439;-1509
39430089;-529;-339;-1394
39440093;-529;-239;-1247
39450091;-529;-139;-1071
39460090;-529;-39;-875
39470090;-529;60;-671
39480089;-529;160;-478
39490093;-529;260;-307
39500092;-529;360;-167
39510091;-529;460;-59
39520092;-529;559;21
39530092;-529;659;79
39540089;-529;759;120
39550089;-529;859;148
39560093;-529;960;167
39570092;-519;-939;-1743
39580089;-519;-839;-1723
39590091;-519;-739;-1693
39600093;-519;-639;-1649
39610089;-519;-539;-1587
39620133;-519;-439;-1501
39630080;-519;-339;-1386
39640088;-519;-239;-1240
39650089;-519;-139;-1064
39660091;-519;-39;-867
39670088;-519;60;-664
39680090;-519;160;-470
39690091;-519;260;-300
39700091;-519;360;-160
39710088;-519;460;-51
39720092;-519;559;29
39730092;-519;659;87
39740093;-519;759;127
39750092;-519;859;155
39760088;-519;960;174
39770092;-509;-939;-1735
39780091;-509;-839;-1715
39790089;-509;-739;-1685
39800090;-509;-639;-1641
39810090;-509;-539;-1579
39820088;-509;-439;-1493
39830093;-509;-339;-1378
39840092;-509;-239;-1232
39850093;-509;-139;-1056
39860091;-509;-39;-859
39870090;-509;60;-656
39880090;-509;160;-462
39890090;-509;260;-292
39900088;-509;360;-152
39910077;-509;460;-43
39920092;-509;559;37
39930090;-509;659;95
39940091;-509;759;135
39950092;-509;859;163
39960092;-509;960;182
39970092;-499;-939;-1727
39980092;-499;-839;-1707
39990092;-499;-739;-1677
40000091;-499;-639;-1633
40010091;-499;-539;-1571
40020089;-499;-439;-1485
40030092;-499;-339;-1370
40040093;-499;-239;-1224
40050090;-499;-139;-1048
40060090;-499;-39;-851
40070093;-499;60;-648
40080093;-499;160;-454
40090093;-499;260;-284
40100089;-499;360;-144
40110089;-499;460;-35
40120093;-499;559;45
40130093;-499;659;103
40140076;-499;759;143
40150098;-499;859;171
40160092;-499;960;190
40170089;-489;-939;-1719
40180091;-489;-839;-1698
40190089;-489;-739;-1668
40200091;-489;-639;-1624
40210091;-489;-539;-1562
40220093;-489;-439;-1476
40230092;-489;-339;-1362
40240091;-489;-239;-1215
40250093;-489;-139;-1039
40260089;-489;-39;-843
40270089;-489;60;-639
40280089;-489;160;-446
40290089;-489;260;-275
40300088;-489;360;-135
40310091;-489;460;-26
40320090;-489;559;53
40330091;-489;659;111
40340089;-489;759;152
40350092;-489;859;180
40360089;-489;960;199
40370091;-479;-939;-1710
40380090;-479;-839;-1690
40390091;-479;-739;-1659
40400092;-479;-639;-1616
40410093;-479;-539;-1554
40420090;-479;-439;-1468
40430093;-479;-339;-1353
40440136;-479;-239;-1206
40450093;-479;-139;-1031
40460265;-479;-39;-834
40470079;-479;60;-631
40480091;-479;160;-437
40490090;-479;260;-267
40500089;-479;360;-126
40510091;-479;460;-18
40520093;-479;559;62
40530091;-479;659;120
40540090;-479;759;161
40550089;-479;859;189
40560091;-479;960;208
40570092;-469;-939;-1701
40580089;-469;-839;-1681
40590091;-469;-739;-1650
40600088;-469;-639;-1607
40610090;-469;-539;-1545
40620092;-469;-439;-1459
40630092;-469;-339;-1344
40640090;-469;-239;-1197
40650090;-469;-139;-1022
40660090;-469;-39;-825
40670092;-469;60;-622
40680090;-469;160;-428
40690088;-469;260;-258
40700090;-469;360;-117
40710078;-469;460;-9
40720090;-469;559;71
40730089;-469;659;129
40740093;-469;759;170
40750089;-469;859;198
40760088;-469;960;217
40770090;-459;-939;-1692
40780092;-459;-839;-1671
40790091;-459;-739;-1641
40800091;-459;-639;-1597
40810093;-459;-539;-1535
40820090;-459;-439;-1449
40830088;-459;-339;-1335
40840093;-459;-239;-1188
40850091;-459;-139;-1012
40860091;-459;-39;-816
40870088;-459;60;-612
40880088;-459;160;-419
40890090;-459;260;-248
40900090;-459;360;-108
40910089;-459;460;0
40920089;-459;559;80
40930092;-459;659;138
40940090;-459;759;179
40950089;-459;859;207
40960089;-459;960;226
40970091;-449;-939;-1682
40980088;-449;-839;-1662
40990093;-449;-739;-1632
41000093;-449;-639;-1588
41010088;-449;-539;-1526
41020079;-449;-439;-1440
41030090;-449;-339;-1325
41040093;-449;-239;-1179
41050093;-449;-139;-1003
41060091;-449;-39;-806
41070088;-449;60;-603
41080093;-449;160;-409
41090090;-449;260;-239
41100091;-449;360;-99
41110093;-449;460;9
41120088;-449;559;90
41130090;-449;659;148
41140089;-449;759;188
41150092;-449;859;216
41160089;-449;960;235
41170092;-439;-939;-1673
41180090;-439;-839;-1652
41190092;-439;-739;-1622
41200090;-439;-639;-1578
41210089;-439;-539;-1516
41220092;-439;-439;-1430
41230088;-439;-339;-1315
41240091;-439;-239;-1169
41250090;-439;-139;-993
41260093;-439;-39;-796
41270076;-439;60;-593
41280093;-439;160;-399
41290093;-439;260;-229
41300093;-439;360;-89
41310088;-439;460;19
41320091;-439;559;100
41330092;-439;659;158
41340089;-439;759;198
41350093;-439;859;226
41360089;-439;960;245
41370093;-429;-939;-1662
41380092;-429;-839;-1642
41390089;-429;-739;-1612
41400093;-429;-639;-1568
41410089;-429;-539;-1506
41420091;-429;-439;-1420
41430089;-429;-339;-1305
41440092;-429;-239;-1159
41450090;-429;-139;-983
41460092;-429;-39;-786
41470093;-429;60;-583
41480088;-429;160;-389
41490093;-429;260;-219
41500089;-429;360;-79
41510092;-429;460;29
41520091;-429;559;110
41530089;-429;659;168
41540162;-429;759;208
41550088;-429;859;236
41560091;-429;960;255
41570077;-419;-939;-1652
41580091;-419;-839;-1631
41590088;-419;-739;-1601
41600089;-419;-639;-1558
41610092;-419;-539;-1496
41620089;-419;-439;-1410
41630091;-419;-339;-1295
41640090;-419;-239;-1148
41650093;-419;-139;-972
41660089;-419;-39;-776
41670091;-419;60;-572
41680089;-419;160;-379
41690088;-419;260;-208
41700090;-419;360;-68
41710090;-419;460;39
41720090;-419;559;120
41730092;-419;659;178
41740092;-419;759;219
41750092;-419;859;247
41760093;-419;960;266
41770092;-409;-939;-1641
41780089;-409;-839;-1621
41790092;-409;-739;-1591
41800076;-409;-639;-1547
41810089;-409;-539;-1485
41820092;-409;-439;-1399
41830091;-409;-339;-1284
41840090;-409;-239;-1138
41850093;-409;-139;-962
41860091;-409;-39;-765
41870092;-409;60;-562
41880090;-409;160;-368
41890093;-409;260;-198
41900090;-409;360;-58
41910089;-409;460;50
41920093;-409;559;131
41930090;-409;659;189
41940093;-409;759;229
41950090;-409;859;257
41960091;-409;960;276
41970090;-399;-939;-1630
41980090;-399;-839;-1610
41990090;-399;-739;-1580
42000092;-399;-639;-1536
42010091;-399;-539;-1474
42020089;-399;-439;-1388
42030092;-399;-339;-1273
42040088;-399;-239;-1127
42050089;-399;-139;-951
42060138;-399;-39;-754
42070076;-399;60;-551
42080088;-399;160;-357
42090089;-399;260;-187
42100092;-399;360;-47
42110089;-399;460;61
42120091;-399;559;142
42130092;-399;659;200
42140089;-399;759;240
42150090;-399;859;268
42160093;-399;960;287
42170092;-389;-939;-1619
42180089;-389;-839;-1598
42190091;-389;-739;-1568
42200092;-389;-639;-1525
42210092;-389;-539;-1462
42220090;-389;-439;-1377
42230093;-389;-339;-1262
42240091;-389;-239;-1115
42250091;-389;-139;-939
42260089;-389;-39;-743
42270091;-389;60;-539
42280089;-389;160;-346
42290091;-389;260;-175
42300089;-389;360;-35
42310089;-389;460;72
42320090;-389;559;153
42330091;-389;659;211
42340090;-389;759;252
42350091;-389;859;280
42360106;-389;960;299
42370078;-379;-939;-1607
42380093;-379;-839;-1587
42390093;-379;-739;-1557
42400091;-379;-639;-1513
42410091;-379;-539;-1451
42420093;-379;-439;-1365
42430090;-379;-339;-1250
42440091;-379;-239;-1104
42450092;-379;-139;-928
42460089;-379;-39;-731
42470090;-379;60;-528
42480088;-379;160;-334
42490090;-379;260;-164
42500091;-379;360;-24
42510092;-379;460;84
42520089;-379;559;165
42530088;-379;659;223
42540091;-379;759;263
42550092;-379;859;291
42560093;-379;960;310
42570093;-369;-939;-1595
42580089;-369;-839;-1575
42590077;-369;-739;-1545
42600090;-369;-639;-1501
42610093;-369;-539;-1439
42620090;-369;-439;-1353
42630092;-369;-339;-1238
42640093;-369;-239;-1092
42650090;-369;-139;-916
42660092;-369;-39;-719
42670089;-369;60;-516
42680090;-369;160;-322
42690091;-369;260;-152
42700089;-369;360;-12
42710090;-369;460;96
42720093;-369;559;177
42730089;-369;659;235
42740091;-369;759;275
42750088;-369;859;303
42760092;-369;960;322
42770092;-359;-939;-1583
42780091;-359;-839;-1563
42790091;-359;-739;-1532
42800092;-359;-639;-1489
42810088;-359;-539;-1427
42820093;-359;-439;-1341
42830091;-359;-339;-1226
42840088;-359;-239;-1079
42850092;-359;-139;-904
42860090;-359;-39;-707
42870091;-359;60;-504
42880091;-359;160;-310
42890092;-359;260;-140
42900090;-359;360;0
42910092;-359;460;108
42920088;-359;559;189
42930093;-359;659;247
42940092;-359;759;288
42950088;-359;859;316
42960091;-359;960;335
42970092;-349;-939;-1571
42980093;-349;-839;-1550
42990091;-349;-739;-1520
43000093;-349;-639;-1476
43010093;-349;-539;-1414
43020090;-349;-439;-1328
43030090;-349;-339;-1213
43040091;-349;-239;-1067
43050088;-349;-139;-891
43060088;-349;-39;-694
43070090;-349;60;-491
43080089;-349;160;-297
43090092;-349;260;-127
43100090;-349;360;12
43110092;-349;460;121
43120092;-349;559;202
43130092;-349;659;259
43140088;-349;759;300
43150092;-349;859;328
43160091;-349;960;347
43170091;-339;-939;-1558
43180093;-339;-839;-1537
43190103;-339;-739;-1507
43200132;-339;-639;-1463
43210091;-339;-539;-1401
43220092;-339;-439;-1315
43230090;-339;-339;-1200
43240090;-339;-239;-1054
43250091;-339;-139;-878
43260090;-339;-39;-681
43270092;-339;60;-478
43280091;-339;160;-285
43290091;-339;260;-114
43300090;-339;360;25
43310092;-339;460;134
43320088;-339;559;214
43330091;-339;659;272
43340091;-339;759;313
43350089;-339;859;341
43360089;-339;960;360
43370092;-329;-939;-1545
43380088;-329;-839;-1524
43390089;-329;-739;-1494
43400092;-329;-639;-1450
43410088;-329;-539;-1388
43420093;-329;-439;-1302
43430090;-329;-339;-1187
43440089;-329;-239;-1041
43450079;-329;-139;-865
43460089;-329;-39;-668
43470088;-329;60;-465
43480089;-329;160;-271
43490089;-329;260;-101
43500093;-329;360;38
