Timestamp;scop_exciting_gy;scop_exciting_signal
0;-92;-137
1080;-62;-134
2076;-31;-134
3075;59;-141
4076;105;-150
5079;151;-164
6075;181;-180
7078;242;-201
8080;288;-224
9077;303;-249
10079;303;-273
11076;319;-297
12077;334;-322
13075;303;-346
14076;273;-364
15079;227;-379
16075;212;-392
17078;197;-404
18079;151;-411
19077;136;-416
20078;136;-420
21079;120;-423
22078;90;-421
23090;59;-417
24075;29;-411
25077;-1;-402
26078;-16;-391
27080;-62;-378
28076;-92;-362
29078;-123;-343
30078;-154;-324
31075;-184;-301
32076;-184;-279
33093;-169;-256
34078;-169;-234
35080;-199;-211
36075;-199;-188
37077;-199;-168
38078;-184;-153
39075;-169;-140
40076;-138;-132
41077;-123;-127
42078;-138;-124
43089;-138;-123
44080;-123;-129
45076;-62;-143
46077;-1;-167
47079;44;-196
48075;59;-227
49077;44;-258
50077;44;-287
51079;59;-318
52080;90;-352
53088;120;-388
54079;136;-425
55075;136;-462
56076;166;-499
57078;166;-538
58079;136;-574
59076;90;-607
60076;29;-636
61078;-1;-665
62079;-16;-691
63089;-47;-718
64079;-92;-742
65076;-123;-715
66077;-138;-645
67079;-154;-607
68076;-199;-568
69078;-245;-525
70080;-306;-479
71077;-337;-431
72079;-367;-382
73089;-352;-333
74080;-352;-288
75077;-398;-238
76078;-428;-186
77076;-444;-133
78077;-413;-82
79080;-367;-35
80076;-291;4
81079;-260;35
82075;-230;8
83078;-184;-28
84088;-108;-54
85079;-47;-83
86080;13;-113
87080;74;-148
88077;151;-188
89077;212;-229
90079;258;-273
91080;303;-320
92076;334;-366
93077;349;-415
94093;365;-463
95078;365;-511
96079;334;-556
97075;303;-601
98077;258;-640
99078;212;-678
100080;151;-712
101076;120;-743
102078;90;-771
103078;74;-795
104089;44;-809
105080;-16;-801
106076;-108;-764
107077;-184;-718
108079;-215;-674
109075;-245;-632
110076;-291;-589
111077;-337;-542
112079;-398;-492
113079;-444;-438
114076;-474;-384
115090;-489;-327
116075;-459;-276
117077;-428;-225
118078;-398;-176
119080;-367;-129
120076;-337;-83
121077;-276;-41
122078;-215;-2
123080;-154;33
124075;-108;64
125092;-62;-13
126077;-16;-47
127079;44;-80
128075;105;-116
129076;151;-154
130077;197;-195
131079;227;-236
132079;258;-280
133077;303;-326
134078;349;-373
135090;349;-422
136076;334;-468
137078;319;-513
138075;334;-558
139077;349;-605
140079;334;-649
141076;303;-690
142077;258;-727
143080;242;-761
144076;197;-783
145079;120;-786
146088;59;-768
147079;13;-741
148078;-16;-713
149079;-47;-685
150076;-108;-652
151078;-184;-615
152078;-230;-576
153079;-245;-535
154079;-276;-496
155075;-306;-453
156093;-291;-411
157077;-276;-371
158080;-291;-334
159075;-306;-294
160077;-291;-257
161077;-260;-224
162079;-215;-197
163080;-154;-176
164076;-108;-163
165077;-108;-153
166088;-62;-150
167078;-16;-155
168076;44;-167
169076;74;-184
170078;105;-203
171079;151;-226
172075;197;-252
173076;242;-283
174077;273;-313
175078;288;-346
176089;303;-377
177080;319;-410
178076;319;-441
179078;303;-471
180079;303;-497
181075;273;-522
182076;258;-542
183077;258;-562
184078;258;-578
185080;197;-591
186091;120;-596
187076;74;-597
188079;59;-595
189079;44;-591
190076;13;-583
191076;-31;-570
192078;-62;-555
193079;-108;-535
194075;-138;-514
195076;-169;-490
196092;-184;-466
197078;-169;-442
198075;-169;-420
199078;-184;-396
200079;-199;-372
201077;-199;-347
202078;-169;-326
203075;-154;-307
204076;-138;-290
205079;-123;-273
206091;-77;-261
207077;-47;-252
208080;-47;-245
209076;-62;-236
210079;-47;-228
211080;-1;-225
212077;29;-225
213079;29;-225
214076;59;-226
215078;105;-232
216090;151;-240
217075;181;-251
218076;151;-259
219077;151;-266
220078;181;-276
221080;197;-287
222076;197;-298
223078;197;-308
224078;227;-319
225075;242;-331
226194;227;-342
227077;212;-350
228079;212;-358
229075;242;-368
230076;242;-377
231077;227;-385
232078;181;-390
233080;136;-390
234075;105;-389
235077;59;-384
236078;13;-376
237089;-16;-365
238075;-16;-356
239076;-16;-346
240078;-62;-333
241079;-77;-318
242075;-62;-304
243076;-47;-292
244078;-62;-279
245078;-62;-265
246075;-31;-253
247088;-16;-243
248075;-1;-233
249076;-1;-223
250078;13;-214
251079;44;-206
252075;59;-201
253076;44;-195
254078;44;-190
255078;29;-184
256075;44;-180
257089;59;-178
258076;59;-176
259077;44;-173
260079;74;-172
261079;105;-174
262076;90;-176
263076;44;-175
264079;29;-173
265075;44;-173
266078;59;-175
267079;29;-176
268092;-1;-176
269079;-16;-174
270075;-31;-173
271077;-47;-171
272079;-47;-170
273077;-31;-171
274078;13;-174
275075;44;-180
276077;29;-185
277079;13;-188
278189;44;-192
279079;120;-203
280076;136;-215
281078;136;-226
282079;120;-235
283075;120;-244
284075;120;-253
285076;105;-261
286077;59;-266
287078;44;-272
288089;59;-278
289080;74;-285
290075;59;-292
291077;44;-296
292078;44;-301
293080;13;-304
294075;-31;-304
295077;-77;-301
296077;-77;-298
297079;-62;-296
298075;-62;-293
299089;-47;-290
300080;-31;-289
301076;-31;-288
302077;-62;-287
303078;-92;-285
304079;-77;-284
305076;-77;-287
306076;-77;-293
307078;-77;-304
308079;-92;-318
309093;-123;-335
310078;-108;-354
311080;-92;-379
312075;-123;-404
313077;-154;-426
314077;-169;-445
315079;-154;-465
316080;-138;-485
317076;-138;-506
318077;-138;-525
319079;-138;-544
320093;-123;-564
321078;-123;-584
322080;-169;-599
323075;-199;-613
324077;-215;-625
325077;-230;-638
326079;-230;-652
327080;-245;-664
328077;-230;-677
329078;-230;-691
330075;-245;-702
331091;-276;-712
332076;-306;-720
333079;-291;-729
334080;-291;-739
335077;-306;-749
336078;-321;-758
337076;-321;-769
338078;-352;-778
339075;-413;-785
340077;-459;-787
341092;-474;-790
342078;-474;-794
343075;-459;-799
344077;-459;-803
345079;-459;-807
346076;-474;-811
347079;-459;-816
348080;-489;-819
349076;-520;-820
350075;-520;-821
351077;-474;-826
352091;-474;-831
353077;-474;-835
354078;-459;-840
355079;-428;-848
356075;-367;-858
357077;-337;-871
358078;-352;-882
359079;-352;-892
360075;-352;-902
361077;-367;-912
362090;-382;-920
363080;-382;-929
364077;-382;-937
365077;-367;-946
366079;-352;-956
367080;-352;-966
368077;-337;-976
369077;-321;-986
370079;-291;-997
371080;-276;-1009
372090;-321;-1015
373080;-337;-1024
374076;-321;-1034
375077;-291;-1045
376078;-291;-1057
377079;-291;-1069
378076;-291;-1081
379077;-306;-1091
380079;-321;-1101
381080;-321;-1112
382076;-337;-1120
383090;-352;-1128
384080;-337;-1138
385077;-337;-1148
386077;-367;-1155
387079;-367;-1163
388075;-352;-1172
389077;-352;-1181
390077;-352;-1189
391080;-352;-1199
392075;-352;-1208
393091;-367;-1218
394076;-382;-1226
395078;-398;-1233
396080;-413;-1240
397077;-444;-1245
398079;-459;-1175
399076;-444;-1113
400078;-428;-1064
401075;-428;-1013
402077;-489;-959
403093;-535;-903
404078;-550;-850
405075;-520;-803
406077;-474;-763
407079;-474;-720
408077;-459;-686
409080;-474;-656
410076;-444;-635
411078;-413;-620
412080;-367;-613
413091;-306;-614
414075;-260;-618
415076;-199;-630
416076;-123;-646
417078;-77;-663
418079;-16;-684
419076;59;-711
420077;105;-736
421079;151;-764
422079;181;-792
423076;197;-819
424091;212;-844
425076;212;-868
426077;181;-886
427078;136;-899
428076;136;-910
429077;151;-919
430078;151;-924
431079;120;-923
432076;90;-919
433076;74;-912
434088;59;-902
435079;13;-887
436080;-16;-871
437077;-62;-851
438078;-92;-831
439079;-92;-810
440075;-92;-789
441077;-92;-768
442077;-92;-749
443079;-108;-726
444092;-123;-704
445078;-138;-681
446078;-138;-659
447075;-108;-640
448076;-77;-623
449078;-77;-603
450079;-77;-585
451075;-62;-569
452076;-16;-557
453078;-16;-543
454088;-1;-531
455079;44;-524
456075;105;-521
457077;136;-518
458078;151;-516
459080;151;-514
460076;166;-514
461078;197;-518
462080;197;-519
463077;197;-521
464093;212;-525
465079;258;-533
466076;242;-537
467078;212;-540
468075;181;-540
469078;197;-544
470080;227;-550
471077;227;-554
472078;212;-556
473075;212;-558
474090;227;-562
475076;227;-566
476078;212;-567
477075;197;-568
478078;197;-568
479079;181;-568
480079;151;-565
481080;136;-561
482075;136;-557
483077;151;-555
484095;151;-552
485088;136;-547
486079;120;-540
487075;105;-533
488077;105;-526
489079;90;-517
490079;74;-507
491076;59;-496
492076;44;-486
493078;29;-474
494169;13;-462
495080;-1;-449
496076;-1;-438
497078;29;-429
498079;59;-424
499076;44;-415
500077;59;-410
501079;90;-408
502079;90;-404
503076;59;-398
504293;44;-392
505080;44;-387
506076;44;-382
507078;29;-376
508079;13;-370
509076;13;-365
510077;29;-361
511079;29;-357
512079;13;-351
513076;13;-346
514093;44;-345
515091;59;-344
516076;90;-346
517078;105;-348
518079;105;-349
519076;136;-353
520076;151;-358
521078;151;-361
522079;120;-361
523075;90;-358
524076;90;-356
525091;90;-353
526077;90;-350
527079;90;-345
528077;105;-342
529079;105;-337
530076;120;-333
531078;120;-329
532075;120;-324
533077;120;-318
534079;120;-313
535090;74;-304
536091;29;-292
537077;13;-281
538075;29;-273
539077;29;-264
540079;13;-254
541076;29;-246
542079;74;-242
543080;90;-237
544077;74;-231
545077;74;-226
546093;105;-224
547077;120;-222
548080;120;-220
549075;105;-217
550077;105;-215
551077;105;-216
552079;105;-216
553080;90;-216
554076;74;-216
555088;44;-214
556219;44;-216
557075;74;-222
558077;74;-229
559079;59;-236
560079;74;-251
561076;90;-271
562076;90;-292
563078;74;-316
564079;74;-342
565075;90;-371
566092;74;-400
567077;74;-430
568079;59;-457
569075;29;-483
570077;13;-507
571077;-1;-531
572079;-16;-555
573080;-31;-580
574076;-31;-604
575077;-16;-632
576091;-31;-655
577076;-62;-678
578078;-108;-697
579079;-138;-717
580076;-154;-737
581077;-184;-757
582078;-215;-768
583079;-230;-756
584076;-230;-709
585076;-230;-670
586078;-245;-639
587089;-276;-609
588075;-291;-585
589077;-321;-569
590078;-321;-569
591080;-352;-581
592076;-382;-590
593079;-398;-598
594075;-382;-607
595078;-367;-618
596079;-321;-633
597089;-306;-647
598075;-276;-663
599077;-245;-681
600079;-215;-700
601076;-199;-720
602078;-199;-739
603075;-184;-760
604076;-184;-779
605079;-184;-799
606075;-184;-818
607088;-184;-838
608080;-199;-856
609077;-215;-873
610077;-230;-889
611078;-230;-907
612078;-245;-922
613075;-276;-936
614076;-306;-948
615077;-306;-961
616078;-306;-974
617088;-291;-989
618079;-291;-1003
619075;-306;-1015
620076;-306;-1029
621078;-306;-1042
622078;-306;-1055
623075;-291;-1071
624075;-276;-1086
625077;-260;-1103
626078;-291;-1114
627093;-337;-1121
628078;-382;-1122
629075;-413;-1119
630075;-444;-1110
631077;-428;-1099
632078;-428;-1083
633080;-444;-1063
634076;-459;-1040
635077;-474;-1011
636078;-489;-979
637075;-474;-946
638093;-459;-911
639077;-428;-875
640079;-413;-839
641080;-382;-800
642076;-337;-765
643077;-306;-730
644079;-291;-697
645079;-306;-663
646076;-291;-640
647076;-276;-661
648092;-245;-692
649077;-199;-705
650079;-169;-720
651080;-154;-733
652076;-154;-743
653077;-123;-756
654079;-77;-769
655079;-31;-785
656076;13;-802
657077;59;-822
658091;90;-841
659076;120;-863
660079;151;-885
661075;166;-907
662078;166;-927
663079;166;-947
664077;166;-964
665078;166;-980
666075;166;-994
667077;166;-1007
668092;166;-1018
669077;151;-1026
670075;136;-1031
671076;90;-1030
672079;59;-1025
673075;29;-1016
674077;-1;-1004
675079;-16;-990
676075;-47;-973
677075;-92;-950
678077;-138;-924
679090;-154;-897
680080;-154;-871
681077;-154;-844
682077;-169;-816
683079;-199;-784
684080;-215;-753
685076;-230;-719
686077;-245;-685
687078;-245;-651
688080;-245;-619
689088;-230;-587
690078;-199;-560
691075;-169;-533
692076;-154;-508
693078;-154;-483
694078;-138;-462
695080;-108;-444
696076;-77;-431
697077;-1;-425
698078;59;-424
699092;105;-426
700079;105;-427
701080;136;-434
702076;197;-446
703077;227;-459
704079;242;-473
705079;258;-488
706075;288;-505
707076;303;-522
708079;303;-538
709079;288;-552
710093;319;-569
711078;349;-588
712079;380;-608
713075;380;-626
714077;365;-641
715077;334;-653
716080;273;-660
717075;242;-667
718077;227;-672
719078;197;-675
720092;181;-677
721076;181;-679
722078;136;-677
723080;105;-672
724077;74;-667
725079;59;-660
726076;44;-652
727077;29;-643
728075;13;-632
729077;-31;-616
730092;-62;-600
731079;-62;-584
732075;-62;-570
733078;-62;-553
734079;-47;-540
735077;-62;-523
736078;-62;-507
737075;-62;-491
738078;-47;-477
739075;-31;-462
740077;-31;-448
741090;-47;-432
742079;-62;-416
743075;-47;-403
744075;-31;-391
745077;-31;-378
746078;-16;-368
747080;-1;-359
748076;-1;-350
749078;-1;-342
750079;-16;-333
751089;-16;-325
752079;13;-320
753075;44;-317
754076;44;-316
755078;44;-315
756079;59;-315
757075;74;-316
758076;74;-318
759078;74;-321
760076;90;-324
761089;90;-328
762075;90;-331
763076;74;-333
764078;74;-335
765078;90;-339
766075;74;-341
767076;44;-341
768078;44;-341
769079;44;-340
770076;59;-341
771088;59;-341
772079;44;-340
773075;59;-340
774077;59;-340
775077;44;-338
776079;44;-336
777080;44;-335
778077;44;-334
779077;44;-333
780079;-1;-329
781080;-16;-324
782093;-16;-319
783078;-31;-313
784080;-31;-308
785076;-47;-303
786078;-47;-297
787078;-47;-292
788076;-62;-287
789077;-62;-283
790075;-47;-282
791076;-16;-283
792088;-1;-287
793080;-1;-292
794076;-1;-297
795079;13;-303
796075;44;-312
797077;44;-324
798079;59;-337
799077;44;-351
800078;29;-363
801075;29;-376
802091;29;-389
803080;44;-406
804076;74;-423
805078;90;-442
806080;90;-460
807075;105;-478
808076;90;-495
809077;74;-510
810077;74;-524
811079;74;-537
812150;44;-546
813077;29;-553
814078;29;-557
815079;-1;-559
816075;-1;-558
817077;-31;-557
818078;-77;-551
819080;-123;-540
820075;-154;-528
821077;-184;-514
822077;-215;-499
823089;-215;-484
824079;-215;-472
825076;-230;-458
826076;-230;-446
827078;-230;-433
828080;-215;-424
829076;-215;-415
830077;-215;-409
831079;-230;-406
832079;-245;-405
833139;-230;-408
834076;-199;-415
835077;-199;-424
836078;-184;-436
837079;-184;-451
838076;-169;-467
839076;-154;-486
840078;-123;-507
841079;-92;-531
842076;-62;-555
843093;-47;-582
844092;-62;-607
845077;-92;-631
846079;-108;-653
847079;-123;-676
848076;-123;-698
849077;-108;-722
850079;-92;-746
851079;-108;-771
852076;-138;-792
853090;-169;-812
854092;-169;-831
855078;-154;-853
856075;-154;-874
857076;-184;-894
858080;-199;-910
859076;-215;-927
860079;-230;-942
861075;-245;-955
862078;-245;-965
863080;-260;-971
864261;-260;-966
865075;-276;-943
866077;-291;-909
867079;-306;-867
868076;-306;-826
869079;-291;-785
870080;-276;-748
871077;-260;-710
872078;-230;-678
873079;-215;-648
874162;-199;-624
875077;-215;-599
876078;-230;-577
877080;-199;-560
878077;-169;-552
879079;-138;-553
880079;-92;-561
881076;-47;-574
882076;-16;-591
883078;29;-614
884079;59;-639
885089;74;-666
886079;120;-693
887076;136;-722
888077;151;-751
889079;166;-781
890080;181;-808
891076;197;-833
892077;212;-851
893079;227;-862
894079;242;-865
895093;227;-861
896078;197;-849
897080;151;-831
898075;120;-811
899077;90;-789
900078;44;-764
901080;-16;-735
902076;-62;-705
903077;-92;-672
904078;-92;-641
905088;-138;-607
906078;-184;-571
907075;-199;-533
908077;-169;-499
909078;-184;-464
910079;-199;-429
911076;-169;-395
912077;-123;-367
913078;-77;-342
914079;-31;-322
915088;29;-305
916078;105;-294
917080;136;-286
918076;151;-280
919079;166;-276
920075;212;-278
921077;258;-285
922079;303;-296
923076;349;-312
924078;395;-330
925089;410;-350
926080;410;-369
927077;410;-390
928079;441;-410
929076;471;-433
930077;502;-455
931075;502;-478
932076;456;-496
933079;410;-510
934075;380;-520
935092;365;-530
936077;349;-537
937080;334;-543
938076;273;-545
939077;197;-540
940077;151;-532
941078;136;-523
942079;136;-513
943076;120;-503
944076;105;-491
945090;90;-479
946075;74;-466
947077;44;-451
948078;-1;-435
949080;-16;-416
950076;-16;-400
951077;-16;-383
952078;-31;-368
953080;-16;-352
954076;-1;-339
955090;-1;-326
956076;-1;-314
957077;29;-303
958079;29;-296
959080;29;-288
960076;59;-285
961077;74;-283
962079;90;-283
963079;105;-285
964079;120;-288
965079;151;-294
966090;166;-301
967075;151;-308
968077;136;-313
969078;151;-320
970080;151;-327
971075;151;-334
972077;151;-340
973077;136;-346
974079;136;-350
975075;120;-353
976088;136;-356
977078;151;-361
978075;136;-363
979076;105;-363
980078;59;-359
981078;29;-353
982075;13;-348
983075;13;-343
984077;44;-339
985079;29;-335
986076;-1;-328
987093;-31;-319
988080;-31;-310
989077;-31;-303
990078;-31;-295
991075;-31;-287
992077;-31;-279
993079;-47;-271
994076;-92;-260
995078;-92;-250
996079;-77;-243
997093;-62;-236
998078;-77;-231
999076;-92;-224
1000077;-77;-219
1001080;-77;-214
1002076;-62;-212
1003078;-47;-210
1004078;-16;-210
1005079;-16;-211
1006079;-1;-212
1007091;44;-215
1008077;59;-220
1009079;74;-226
1010079;105;-234
1011076;120;-243
1012076;120;-252
1013078;74;-259
1014079;29;-262
1015075;29;-267
1016076;29;-273
1017091;44;-280
1018077;44;-288
1019078;44;-296
1020079;13;-302
1021076;13;-308
1022077;44;-316
1023078;59;-328
1024079;59;-338
1025076;74;-350
1026076;74;-361
1027091;74;-372
1028077;44;-380
1029078;29;-388
1030079;13;-393
1031075;13;-399
1032076;-1;-404
1033078;-16;-408
1034078;-47;-410
1035080;-47;-411
1036076;-47;-412
1037090;-47;-414
1038075;-77;-414
1039077;-108;-411
1040077;-123;-408
1041080;-138;-405
1042075;-169;-401
1043077;-184;-397
1044078;-184;-392
1045079;-199;-388
1046075;-199;-383
1047090;-199;-380
1048075;-169;-380
1049077;-169;-380
1050078;-184;-378
1051076;-215;-376
1052077;-230;-372
1053080;-215;-369
1054076;-184;-370
1055078;-154;-373
1056075;-138;-377
1057077;-108;-382
1058089;-92;-388
1059080;-77;-394
1060077;-77;-400
1061078;-77;-407
1062075;-47;-413
1063077;-47;-421
1064080;-47;-427
1065076;-47;-434
1066079;-31;-441
1067080;-16;-450
1068089;-16;-458
1069078;-31;-465
1070079;-47;-471
1071079;-31;-478
1072075;13;-487
1073076;29;-499
1074078;59;-510
1075078;120;-526
1076075;151;-544
1077076;151;-561
1078092;120;-576
1079077;105;-588
1080078;136;-600
1081079;151;-612
1082076;120;-620
1083076;59;-623
1084078;29;-622
1085079;13;-619
1086075;-1;-616
1087076;-16;-610
1088093;-1;-603
1089079;-1;-597
1090080;13;-591
1091076;13;-585
1092077;29;-580
1093079;29;-574
1094079;13;-568
1095076;13;-561
1096076;-16;-551
1097078;-77;-536
1098079;-92;-519
1099114;-62;-502
1100079;-47;-488
1101079;-31;-474
1102076;-16;-461
1103076;13;-451
1104078;29;-443
1105079;59;-436
1106075;59;-429
1107076;74;-421
1108079;105;-414
1109091;105;-409
1110077;105;-404
1111078;105;-398
1112079;120;-394
1113075;151;-392
1114077;181;-392
1115078;227;-393
1116075;242;-393
1117076;258;-393
1118080;242;-390
1119090;242;-385
1120077;273;-382
1121079;319;-379
1122076;319;-377
1123078;303;-371
1124080;288;-364
1125076;273;-354
1126079;258;-344
1127075;242;-331
1128079;242;-318
1129088;288;-308
1130080;319;-299
1131076;288;-283
1132079;242;-265
1133075;197;-244
1134077;197;-226
1135077;197;-206
1136078;197;-188
1137078;181;-167
1138075;136;-144
1139111;120;-121
1140075;136;-101
1141076;151;-82
1142078;166;-65
1143079;181;-48
1144076;197;-34
1145077;212;-20
1146078;197;-6
1147079;212;4
1148077;242;12
1149110;273;17
1150079;319;19
1151075;334;20
1152077;349;18
1153077;349;17
1154079;334;15
1155080;319;14
1156076;303;13
1157077;334;6
1158079;365;0
1159092;380;-8
1160078;395;-16
1161079;441;-29
1162075;487;-44
1163076;471;-56
1164078;441;-64
1165079;426;-73
1166075;395;-78
1167222;349;-79
1168079;288;-75
1169092;273;-72
1170078;288;-71
1171079;288;-70
1172075;273;-66
1173076;242;-58
1174077;212;-49
1175078;212;-40
1176080;197;-30
1177076;197;-19
1178078;181;-6
1179111;181;5
1180076;166;18
1181077;120;35
1182080;90;52
1183076;90;66
1184079;105;76
1185080;105;87
1186077;90;96
1187079;120;101
1188077;151;101
1189078;197;96
1190106;227;88
1191077;242;77
1192078;258;63
1193075;273;45
1194077;303;24
1195079;319;1
1196076;334;-22
1197079;319;-45
1198075;334;-68
1199078;319;-90
1200094;288;-107
1201092;258;-123
1202076;258;-139
1203077;242;-154
1204078;212;-164
1205080;181;-171
1206075;166;-176
1207077;166;-183
1208079;151;-186
1209075;151;-191
1210075;136;-194
1211091;105;-196
1212076;59;-194
1213078;13;-190
1214079;-47;-182
1215075;-77;-176
1216076;-92;-172
1217078;-108;-167
1218080;-138;-161
1219076;-199;-150
1220077;-230;-142
1221090;-230;-136
1222075;-215;-134
1223077;-199;-134
1224077;-199;-135
1225079;-199;-138
1226080;-169;-145
1227076;-138;-155
1228078;-108;-167
1229080;-77;-180
1230076;-47;-194
1231093;-31;-209
1232078;-31;-222
1233080;-47;-234
1234075;-47;-246
1235077;-31;-260
1236077;-31;-273
1237079;-47;-284
1238075;-77;-292
1239077;-77;-301
1240078;-92;-308
1241079;-108;-314
1242088;-138;-317
1243078;-92;-326
1244080;-47;-336
1245076;-47;-344
1246077;-77;-347
1247079;-92;-350
1248077;-77;-356
1249078;-47;-363
1250075;-62;-368
1251077;-92;-370
1252091;-123;-372
1253077;-154;-372
1254079;-154;-373
1255075;-169;-373
1256078;-199;-370
1257080;-230;-365
1258077;-245;-361
1259079;-245;-357
1260076;-230;-355
1261078;-199;-355
1262090;-154;-358
1263076;-138;-361
1264079;-154;-361
1265080;-184;-359
1266075;-184;-359
1267075;-169;-361
1268077;-184;-361
1269078;-199;-360
1270080;-199;-360
1271075;-169;-363
1272089;-108;-371
1273080;-62;-381
1274076;-16;-394
1275077;44;-411
1276078;59;-425
1277079;44;-438
1278076;29;-449
1279076;13;-460
1280078;29;-473
1281079;44;-488
1282088;44;-501
1283078;-1;-509
1284075;-47;-514
1285075;-47;-521
1286077;-77;-523
1287078;-92;-524
1288075;-92;-526
1289076;-108;-525
1290078;-108;-524
1291078;-123;-520
1292093;-123;-516
1293078;-92;-514
1294079;-77;-513
1295075;-77;-511
1296077;-108;-506
1297077;-138;-498
1298075;-138;-492
1299076;-138;-486
1300077;-138;-481
1301078;-138;-475
1302092;-108;-473
1303077;-62;-474
1304079;-31;-476
1305079;-31;-477
1306076;-31;-478
1307076;-31;-480
1308079;-1;-485
1309079;29;-492
1310076;-1;-493
1311076;-31;-493
1312092;-31;-493
1313078;-16;-494
1314075;-1;-495
1315076;29;-498
1316079;29;-498
1317075;29;-498
1318078;44;-500
1319080;74;-503
1320077;120;-509
1321078;151;-514
1322089;151;-518
1323079;136;-519
1324076;105;-518
1325078;105;-518
1326075;151;-523
1327077;181;-528
1328075;181;-530
1329076;166;-530
1330079;166;-530
1331079;181;-531
1332091;166;-529
1333075;166;-526
1334077;151;-520
1335077;151;-515
1336079;120;-506
1337080;59;-490
1338077;13;-472
1339078;-1;-454
1340080;-1;-436
1341075;-1;-417
1342089;13;-400
1343079;-1;-380
1344075;-16;-359
1345076;-16;-338
1346078;-16;-318
1347079;13;-300
1348076;44;-285
1349077;44;-268
1350078;29;-250
1351079;29;-232
1352088;59;-219
1353078;120;-211
1354075;197;-208
1355076;212;-203
1356078;227;-199
1357078;258;-199
1358075;288;-201
1359076;288;-202
1360078;273;-202
1361079;288;-205
1362089;303;-209
1363079;334;-215
1364075;349;-222
1365076;365;-229
1366078;365;-234
1367079;380;-241
1368075;380;-247
1369076;349;-250
1370078;319;-250
1371079;319;-252
1372089;303;-250
1373105;166;-234
1374078;105;-219
1375079;120;-206
1376076;166;-198
1377076;181;-187
1378080;181;-176
1379076;197;-166
1380078;227;-158
1381080;227;-147
1382077;212;-135
1383088;181;-119
1384080;181;-106
1385076;197;-93
1386079;212;-82
1387075;181;-67
1388078;151;-50
1389080;151;-34
1390077;181;-22
1391078;181;-8
1392076;166;5
1393092;166;19
1394075;166;31
1395077;166;45
1396079;151;59
1397079;136;75
1398075;166;86
1399076;212;94
1400077;242;100
1401078;242;110
1402080;258;118
1403091;273;125
1404077;303;130
1405078;319;136
1406080;303;144
1407075;273;155
1408077;288;161
1409078;319;164
1410080;319;168
1411075;303;173
1412077;288;176
1413091;273;179
1414077;242;183
1415078;227;185
1416080;242;184
1417076;258;181
1418078;273;177
1419078;258;174
1420075;258;168
1421076;273;157
1422078;288;143
1423078;258;131
1424112;242;119
1425076;227;107
1426077;242;94
1427079;273;77
1428075;258;65
1429077;227;56
1430077;258;44
1431079;288;32
1432075;273;26
1433076;242;25
1434088;227;25
1435090;227;25
1436075;212;27
1437077;181;32
1438078;151;37
1439080;136;41
1440076;120;44
1441078;120;46
1442078;90;50
1443075;59;54
1444094;29;53
1445090;13;45
1446076;-1;34
1447079;-47;25
1448075;-62;15
1449078;-31;-1
1450079;-1;-20
1451077;13;-43
1452079;-1;-65
1453076;-1;-90
1454121;-1;-113
1455075;13;-140
1456077;29;-168
1457080;59;-200
1458076;90;-231
1459079;105;-265
1460075;74;-293
1461078;44;-321
1462079;29;-348
1463075;-1;-373
1464331;-31;-395
1465080;-47;-418
1466076;-62;-440
1467078;-62;-462
1468079;-123;-475
1469076;-154;-488
1470076;-199;-495
1471078;-215;-504
1472079;-245;-509
1473075;-276;-512
1474076;-337;-508
1475078;-382;-501
1476091;-382;-496
1477076;-382;-491
1478078;-398;-485
1479079;-444;-474
1480076;-459;-463
1481076;-459;-452
1482078;-444;-443
1483079;-444;-432
1484075;-459;-420
1485085;-474;-408
1486089;-474;-398
1487079;-505;-385
1488076;-474;-375
1489077;-474;-367
1490079;-428;-364
1491079;-398;-363
1492076;-398;-361
1493076;-382;-360
1494078;-398;-360
1495093;-367;-360
1496091;-306;-367
1497076;-276;-376
1498078;-260;-386
1499079;-260;-397
1500076;-245;-407
1501076;-215;-421
1502078;-199;-434
1503079;-199;-448
1504075;-184;-462
1505076;-154;-479
1506089;-108;-496
1507079;-92;-516
1508076;-77;-534
1509078;-92;-552
1510075;-92;-568
1511076;-108;-585
1512079;-108;-598
1513080;-123;-611
1514077;-154;-620
1515095;-169;-628
1516091;-184;-634
1517076;-169;-641
1518080;-169;-647
1519076;-199;-651
1520078;-230;-651
1521075;-230;-651
1522077;-230;-650
1523079;-245;-649
1524076;-260;-647
1525078;-245;-645
1526089;-245;-643
1527075;-245;-641
1528077;-260;-638
1529076;-276;9998
1530078;-245;9998
1531079;-215;9998
1532075;-215;9998
1533076;-276;9998
1534078;-1;9998
1535078;594;9998
1536091;1479;9998
1537076;2380;9998
1538078;3112;9998
1539078;4028;9998
1540075;5005;9998
1541076;6059;9998
1542078;6807;9998
1543078;7478;9998
1544075;8272;9998
1545076;9127;9998
1546090;9814;9998
1547075;10119;9998
1548078;10486;9998
1549078;10944;9998
1550080;11432;9998
1551076;11600;9998
1552077;11585;9998
1553078;11615;9998
1554080;11722;9998
1555075;11798;9998
1556077;11631;9998
1557092;11432;9998
1558077;11249;9998
1559079;11173;9998
1560080;11005;9998
1561076;10684;9998
1562077;10425;9998
1563078;10241;9998
1564079;10104;9998
1565076;9844;9998
1566076;9631;9998
1567078;9539;9998
1568088;9524;9998
1569079;9448;9998
1570075;9249;9998
1571076;9127;9998
1572078;9112;9998
1573078;9203;9998
1574075;9158;9998
1575077;9066;9998
1576080;9096;9998
1577076;9188;9998
1578089;9234;9998
1579078;9158;9998
1580080;9142;9998
1581077;9234;9998
1582078;9371;9998
1583076;9341;9998
1584078;9249;9998
1585075;9325;9998
1586077;9524;9998
1587079;9631;9998
1588089;9493;9998
1589075;9402;9998
1590078;9463;9998
1591079;9615;9998
1592077;9646;9998
1593077;9554;9998
1594078;9570;9998
1595078;9692;9998
1596080;9783;9998
1597075;9707;9998
1598092;9646;9998
1599077;9722;9998
1600079;9844;9998
1601080;9829;9998
1602076;9692;9998
1603077;9661;9998
1604079;9768;9998
1605079;9844;9998
1606076;9753;9998
1607077;9661;9998
1608089;9722;9998
1609079;9814;9998
1610075;9799;9998
1611076;9692;9998
1612078;9677;9998
1613078;9768;9998
1614075;9860;9998
1615075;9799;9998
1616077;9738;9998
1617078;9814;9998
1618075;9951;9998
1619090;10012;9998
1620075;9906;9998
1621077;9844;9998
1622077;9951;9998
1623079;10028;9998
1624080;9967;9998
1625077;9875;9998
1626077;9936;9998
1627079;10089;9998
1628075;10180;9998
1629089;10104;9998
1630078;10028;9998
1631075;10089;9998
1632076;10150;9998
1633078;10089;9998
1634079;9982;9998
1635075;9997;9998
1636076;10104;9998
1637077;10150;9998
1638079;10073;9998
1639089;9997;9998
1640079;10089;9998
1641077;10211;9998
1642078;10211;9998
1643075;10104;9998
1644077;10119;9998
1645079;10257;9998
1646076;10348;9998
1647079;10272;9998
1648075;10180;9998
1649089;10241;9998
1650076;10348;9998
1651077;10333;9998
1652080;10211;9998
1653076;10211;9998
1654079;10333;9998
1655075;10425;9998
1656078;10364;9998
1657079;10257;9998
1658077;10272;9998
1659092;10379;9998
1660076;10440;9998
1661077;10364;9998
1662078;10348;9998
1663080;10440;9998
1664075;10531;9998
1665077;10501;9998
1666078;10394;9998
1667079;10409;9998
1668076;10531;9998
1669090;10531;9998
1670076;10425;9998
1671077;10364;9998
1672079;10470;9998
1673080;10562;9998
1674076;10486;9998
1675077;10364;9998
1676079;10394;9998
1677079;10547;9998
1678076;10608;9998
1679077;10501;9998
1680092;10455;9998
1681076;10547;9998
1682078;10669;9998
1683079;10654;9998
1684076;10577;9998
1685076;10592;9998
1686078;10699;9998
1687079;10760;9998
1688076;10654;9998
1689077;10531;9998
1690092;10592;9998
1691078;10715;9998
1692079;10730;9998
1693075;10623;9998
1694076;10608;9998
1695078;10730;9998
1696078;10791;9998
1697075;10715;9998
1698076;10623;9998
1699078;10669;9998
1700091;10760;9998
1701077;10745;9998
1702077;10608;9998
1703079;10531;9998
1704075;10638;9998
1705077;10745;9998
1706078;10715;9998
1707076;10638;9998
1708078;10684;9998
1709075;10806;9998
1710089;10867;9998
1711075;10821;9998
1712077;10776;9998
1713080;10883;9998
1714076;10989;9998
1715079;10974;9998
1716080;10867;9998
1717078;10867;9998
1718079;10959;9998
1719077;11005;9998
1720078;10913;9998
1721090;10837;9998
1722075;10867;9998
1723078;10959;9998
1724079;10944;9998
1725080;10821;9998
1726080;10806;9998
1727076;10898;9998
1728077;10928;9998
1729079;10852;9998
1730080;10776;9998
1731089;10806;9998
1732075;10928;9998
1733076;10944;9998
1734078;10852;9998
1735078;10837;9998
1736075;10974;9998
1737075;11066;9998
1738078;11005;9998
1739079;10913;9998
1740075;10944;9998
1741092;11081;9998
1742078;11127;9998
1743079;11035;9998
1744075;11005;9998
1745076;11081;9998
1746078;11127;9998
1747078;11035;9998
1748076;10913;9998
1749077;10898;9998
1750079;10974;9998
1751079;10974;9998
1752091;10867;9998
1753076;10806;9998
1754077;10867;9998
1755079;10928;9998
1756080;10883;9998
1757076;10760;9998
1758078;10760;9998
1759080;10867;9998
1760075;10913;9998
1761077;10821;9998
1762092;10745;9998
1763078;10821;9998
1764078;10928;9998
1765075;10913;9998
1766076;10806;9998
1767078;10821;9998
1768079;10959;9998
1769075;11066;9998
1770076;11020;9998
1771078;10944;9998
1772091;11005;9998
1773078;11127;9998
1774080;11127;9998
1775077;11020;9998
1776078;10974;9998
1777075;11020;9998
1778077;11050;9998
1779080;10959;9998
1780076;10806;9998
1781079;10776;9998
1782089;10852;9998
1783164;10852;9998
1784075;10760;9998
1785077;10699;9998
1786080;10791;9998
1787076;10898;9998
1788079;10852;9998
1789075;10715;9998
1790076;10730;9998
1791076;10852;9998
1792077;10898;9998
1793089;10806;9998
1794080;10760;9998
1795076;10837;9998
1796077;10913;9998
1797079;10867;9998
1798080;10791;9998
1799076;10776;9998
1800077;10867;9998
1801078;10898;9998
1802079;10821;9998
1803088;10730;9998
1804078;10760;9998
1805075;10837;9998
1806076;10806;9998
1807077;10715;9998
1808078;10699;9998
1809075;10776;9998
1810076;10806;9998
1811077;10730;9998
1812078;10623;9998
1813080;10638;9998
1814093;10730;9998
1815078;10730;9998
1816079;10608;9998
1817075;10562;9998
1818077;10654;9998
1819078;10730;9998
1820080;10684;9998
1821075;10608;9998
1822077;10638;9998
1823077;10730;9998
1824091;10715;9998
1825076;10623;9998
1826078;10562;9998
1827078;10654;9998
1828076;10730;9998
1829076;10684;9998
1830078;10577;9998
1831079;10562;9998
1832075;10638;9998
1833076;10669;9998
1834091;10608;9998
1835076;10577;9998
1836078;10654;9998
1837079;10745;9998
1838077;10684;9998
1839079;10577;9998
1840076;10547;9998
1841078;10623;9998
1842075;10654;9998
1843077;10592;9998
1844090;10516;9998
1845076;10592;9998
1846079;10715;9998
1847075;10684;9998
1848078;10562;9998
1849080;10531;9998
1850077;10638;9998
1851078;10715;9998
1852076;10638;9998
1853077;10516;9998
1854090;10562;9998
1855080;10699;9998
1856076;10730;9998
1857076;10638;9998
1858077;10592;9998
1859078;10669;9998
1860080;10730;9998
1861075;10669;9998
1862077;10577;9998
1863078;10577;9998
1864088;10638;9998
1865078;10638;9998
1866075;10562;9998
1867075;10531;9998
1868078;10623;9998
1869079;10715;9998
1870075;10684;9998
1871076;10592;9998
1872078;10592;9998
1873079;10684;9998
1874093;10699;9998
1875078;10623;9998
1876079;10547;9998
1877075;10608;9998
1878077;10699;9998
1879078;10669;9998
1880080;10592;9998
1881075;10577;9998
1882077;10654;9998
1883077;10684;9998
1884079;10623;9998
1885088;10547;9998
1886078;10577;9998
1887080;10654;9998
1888077;10638;9998
1889079;10547;9998
1890079;10516;9998
1891076;10592;9998
1892076;10654;9998
1893078;10608;9998
1894079;10516;9998
1895076;10501;9998
1896089;10577;9998
1897080;10577;9998
1898077;10501;9998
1899077;10455;9998
1900079;10516;9998
1901080;10577;9998
1902077;10547;9998
1903079;10486;9998
1904076;10501;9998
1905078;10577;9998
1906091;10562;9998
1907077;10455;9998
1908075;10379;9998
1909077;10425;9998
1910080;10501;9998
1911076;10455;9998
1912079;10348;9998
1913080;10348;9998
1914077;10440;9998
1915078;10486;9998
1916090;10440;9998
1917076;10409;9998
1918079;10470;9998
1919075;10547;9998
1920078;10516;9998
1921078;10425;9998
1922079;10440;9998
1923080;10547;9998
1924076;10623;9998
1925077;10562;9998
1926093;10470;9998
1927078;10486;9998
1928080;10547;9998
1929076;10531;9998
1930077;10425;9998
1931078;10379;9998
1932080;10455;9998
1933075;10547;9998
1934077;10486;9998
1935078;10364;9998
1936089;10333;9998
1937079;10409;9998
1938077;10425;9998
1939077;10333;9998
1940079;10287;9998
1941079;10348;9998
1942076;10379;9998
1943077;10333;9998
1944079;10272;9998
1945079;10287;9998
1946088;10348;9998
1947078;10379;9998
1948076;10318;9998
1949077;10272;9998
1950078;10302;9998
1951079;10379;9998
1952076;10364;9998
1953076;10287;9998
1954078;10257;9998
1955078;10333;9998
1956093;10379;9998
1957078;10318;9998
1958080;10272;9998
1959075;10318;9998
1960077;10379;9998
1961078;10333;9998
1962080;10226;9998
1963075;10196;9998
1964077;10241;9998
1965077;10287;9998
1966092;10241;9998
1967077;10150;9998
1968075;10150;9998
1969076;10211;9998
1970079;10226;9998
1971075;10165;9998
1972077;10150;9998
1973079;10226;9998
1974076;10287;9998
1975078;10211;9998
1976092;10135;9998
1977078;10135;9998
1978076;10211;9998
1979077;10211;9998
1980080;10135;9998
1981076;10104;9998
1982079;10150;9998
1983075;10180;9998
1984078;10119;9998
1985079;10028;9998
1986076;9997;9998
1987092;10058;9998
1988076;10104;9998
1989076;10058;9998
1990077;9997;9998
1991078;10012;9998
1992079;10089;9998
1993076;10089;9998
1994076;9982;9998
1995078;9951;9998
1996079;10028;9998
1997088;10089;9998
1998079;10043;9998
1999075;9936;9998
2000076;9921;9998
2001077;9967;9998
2002078;9967;9998
2003075;9875;9998
2004076;9829;9998
2005077;9890;9998
2006078;9951;9998
2007088;9906;9998
2008079;9799;9998
2009075;9783;9998
2010076;9844;9998
2011078;9860;9998
2012079;9783;9998
2013075;9738;9998
2014075;9768;9998
2015077;9814;9998
2016078;9799;9998
2017090;9707;9998
2018077;9692;9998
2019078;9738;9998
2020080;9768;9998
2021075;9707;9998
2022077;9646;9998
2023078;9692;9998
2024079;9768;9998
2025075;9722;9998
2026077;9631;9998
2027089;9631;9998
2028075;9707;9998
2029076;9768;9998
2030078;9707;9998
2031079;9600;9998
2032075;9615;9998
2033076;9692;9998
2034079;9677;9998
2035075;9570;9998
2036078;9524;9998
2037089;9570;9998
2038076;9600;9998
2039077;9570;9998
2040080;9493;9998
2041076;9493;9998
2042079;9524;9998
2043075;9478;9998
2044078;9371;9998
2045079;9295;9998
2046076;9310;9998
2047089;9341;9998
2048076;9295;9998
2049077;9203;9998
2050080;9203;9998
2051076;9234;9998
2052078;9234;9998
2053077;9173;9998
2054078;9142;9998
2055079;9188;9998
2056076;9249;9998
2057089;9188;9998
2058075;9081;9998
2059076;9051;9998
2060078;9112;9998
2061078;9142;9998
2062075;9112;9998
2063076;9081;9998
2064077;9096;9998
2065078;9158;9998
2066075;9173;9998
2067152;9112;9998
2068079;9096;9998
2069080;9142;9998
2070076;9142;9998
2071077;9051;9998
2072079;8959;9998
2073079;8974;9998
2074076;9066;9998
2075077;9096;9998
2076079;9035;9998
2077155;8974;9998
2078076;8974;9998
2079077;8990;9998
2080079;8929;9998
2081079;8852;9998
2082076;8837;9998
2083076;8883;9998
2084078;8898;9998
2085078;8822;9998
2086075;8776;9998
2087090;8806;9998
2088091;8867;9998
2089076;8883;9998
2090078;8867;9998
2091079;8867;9998
2092075;8913;9998
2093076;8929;9998
2094078;8852;9998
2095078;8791;9998
2096075;8806;9998
2097089;8867;9998
2098075;8837;9998
2099077;8745;9998
2100079;8715;9998
2101075;8776;9998
2102078;8806;9998
2103079;8761;9998
2104077;8684;9998
2105078;8669;9998
2106076;8700;9998
2107148;8700;9998
2108076;8669;9998
2109078;8669;9998
2110075;8715;9998
2111076;8745;9998
2112079;8715;9998
2113075;8669;9998
2114078;8684;9998
2115079;8745;9998
2116076;8761;9998
2117092;8700;9998
2118078;8669;9998
2119078;8684;9998
2120080;8684;9998
2121075;8623;9998
2122077;8577;9998
2123077;8577;9998
2124079;8623;9998
2125080;8638;9998
2126076;8593;9998
2127146;8547;9998
2128079;8532;9998
2129080;8547;9998
2130076;8532;9998
2131077;8486;9998
2132079;8501;9998
2133080;8532;9998
2134076;8532;9998
2135077;8486;9998
2136079;8455;9998
2137145;8486;9998
2138077;8532;9998
2139079;8532;9998
2140075;8486;9998
2141075;8471;9998
2142077;8486;9998
2143078;8501;9998
2144080;8486;9998
2145075;8471;9998
2146077;8486;9998
2147092;8501;9998
2148089;8501;9998
2149079;8455;9998
2150076;8425;9998
2151076;8471;9998
2152078;8532;9998
2153079;8532;9998
2154075;8471;9998
2155076;8440;9998
2156077;8455;9998
2157170;8455;9998
2158076;8410;9998
2159077;8379;9998
2160079;8394;9998
2161079;8455;9998
2162076;8440;9998
2163077;8379;9998
2164079;8348;9998
2165075;8348;9998
2166078;8348;9998
2167094;8303;9998
2168088;8287;9998
2169079;8303;9998
2170076;8333;9998
2171078;8333;9998
2172075;8287;9998
2173076;8257;9998
2174079;8287;9998
2175075;8303;9998
2176078;8272;9998
2177090;8226;9998
2178088;8242;9998
2179079;8318;9998
2180077;8333;9998
2181078;8287;9998
2182075;8242;9998
2183075;8257;9998
2184076;8287;9998
2185077;8287;9998
2186078;8287;9998
2187175;8287;9998
2188075;8318;9998
2189077;8318;9998
2190078;8272;9998
2191079;8242;9998
2192076;8272;9998
2193077;8318;9998
2194078;8333;9998
2195091;8287;9998
2196076;8257;9998
2197077;8257;9998
2198091;8257;9998
2199076;8211;9998
2200077;8181;9998
2201078;8196;9998
2202080;8196;9998
2203075;8196;9998
2204077;8150;9998
2205077;8135;9998
2206079;8181;9998
2207087;8211;9998
2208089;8196;9998
2209079;8135;9998
2210076;8119;9998
2211076;8135;9998
2212078;8150;9998
2213079;8150;9998
2214076;8150;9998
2215076;8181;9998
2216078;8196;9998
2217078;8165;9998
2218089;8089;9998
2219079;8104;9998
2220076;8150;9998
2221077;8165;9998
2222078;8150;9998
2223079;8165;9998
2224076;8196;9998
2225077;8226;9998
2226078;8211;9998
2227079;8165;9998
2228088;8165;9998
2229078;8181;9998
2230075;8211;9998
2231077;8211;9998
2232079;8211;9998
2233076;8257;9998
2234078;8257;9998
2235079;8196;9998
2236077;8165;9998
2237078;8165;9998
2238093;8165;9998
2239079;8119;9998
2240076;8058;9998
2241077;8043;9998
2242075;8058;9998
2243076;8074;9998
2244079;8058;9998
2245075;8058;9998
2246078;8104;9998
2247079;8135;9998
2248092;8135;9998
2249076;8119;9998
2250077;8135;9998
2251077;8165;9998
2252079;8181;9998
2253080;8135;9998
2254076;8119;9998
2255077;8135;9998
2256079;8135;9998
2257079;8104;9998
2258092;8089;9998
2259076;8119;9998
2260078;8150;9998
2261079;8119;9998
2262075;8089;9998
2263076;8058;9998
2264078;8074;9998
2265078;8104;9998
2266075;8089;9998
2267076;8043;9998
2268090;8028;9998
2269075;8074;9998
2270077;8119;9998
2271077;8150;9998
2272079;8181;9998
2273080;8226;9998
2274076;8242;9998
2275077;8211;9998
2276079;8165;9998
2277079;8150;9998
2278090;8165;9998
2279080;8181;9998
2280076;8181;9998
2281077;8165;9998
2282078;8181;9998
2283079;8196;9998
2284075;8165;9998
2285076;8104;9998
2286078;8089;9998
2287078;8135;9998
2288093;8165;9998
2289078;8165;9998
2290080;8135;9998
2291075;8119;9998
2292077;8135;9998
2293078;8150;9998
2294080;8135;9998
2295075;8119;9998
2296078;8135;9998
2297079;8119;9998
2298093;8119;9998
2299078;8119;9998
2300076;8135;9998
2301077;8150;9998
2302079;8165;9998
2303076;8119;9998
2304079;8089;9998
2305080;8104;9998
2306077;8135;9998
2307079;8119;9998
2308089;8104;9998
2309079;8119;9998
2310077;8165;9998
2311078;8165;9998
2312075;8135;9998
2313077;8135;9998
2314078;8150;9998
2315078;8135;9998
2316080;8104;9998
2317075;8089;9998
2318093;8104;9998
2319077;8135;9998
2320079;8135;9998
2321075;8135;9998
2322077;8165;9998
2323077;8211;9998
2324079;8211;9998
2325080;8196;9998
2326076;8196;9998
2327077;8226;9998
2328092;8242;9998
2329077;8226;9998
2330079;8165;9998
2331079;8135;9998
2332076;8135;9998
2333076;8135;9998
2334078;8104;9998
2335079;8089;9998
2336075;8104;9998
2337076;8150;9998
2338091;8150;9998
2339076;8135;9998
2340078;8119;9998
2341078;8135;9998
2342075;8135;9998
2343076;8119;9998
2344077;8104;9998
2345078;8119;9998
2346080;8150;9998
2347075;8165;9998
2348090;8165;9998
2349075;8135;9998
2350077;8150;9998
2351077;8150;9998
2352079;8196;9998
2353080;8242;9998
2354076;8242;9998
2355077;8242;9998
2356078;8257;9998
2357079;8272;9998
2358090;8272;9998
2359075;8287;9998
2360077;8272;9998
2361079;8211;9998
2362076;8181;9998
2363078;8165;9998
2364075;8196;9998
2365077;8211;9998
2366079;8181;9998
2367075;8135;9998
2368089;8165;9998
2369079;8211;9998
2370077;8226;9998
2371078;8226;9998
2372075;8226;9998
2373077;8242;9998
2374079;8242;9998
2375075;8242;9998
2376078;8242;9998
2377080;8257;9998
2378091;8257;9998
2379077;8272;9998
2380078;8257;9998
2381078;8242;9998
2382079;8242;9998
2383079;8287;9998
2384076;8318;9998
2385076;8318;9998
2386078;8318;9998
2387079;8318;9998
2388089;8318;9998
2389079;8318;9998
2390075;8333;9998
2391076;8348;9998
2392078;8348;9998
2393078;8333;9998
2394080;8303;9998
2395076;8272;9998
2396077;8242;9998
2397078;8196;9998
2398075;8181;9998
2399076;8211;9998
2400091;8257;9998
2401076;8272;9998
2402078;8272;9998
2403078;8257;9998
2404075;8242;9998
2405076;8257;9998
2406078;8287;9998
2407078;8287;9998
2408075;8287;9998
2409076;8303;9998
2410078;8333;9998
2411092;8318;9998
2412076;8318;9998
2413078;8333;9998
2414079;8348;9998
2415075;8333;9998
2416076;8318;9998
2417078;8318;9998
2418079;8348;9998
2419076;8364;9998
2420076;8364;9998
2421090;8348;9998
2422075;8348;9998
2423077;8394;9998
2424077;8410;9998
2425080;8379;9998
2426075;8364;9998
2427078;8364;9998
2428075;8379;9998
2429077;8379;9998
2430079;8364;9998
2431090;8348;9998
2432077;8364;9998
2433079;8364;9998
2434076;8364;9998
2435078;8364;9998
2436075;8364;9998
2437077;8364;9998
2438080;8364;9998
2439076;8364;9998
2440079;8394;9998
2441075;8425;9998
2442090;8440;9998
2443076;8440;9998
2444078;8455;9998
2445079;8471;9998
2446079;8486;9998
2447075;8486;9998
2448077;8455;9998
2449079;8425;9998
2450079;8394;9998
2451076;8394;9998
2452093;8410;9998
2453079;8410;9998
2454079;8425;9998
2455076;8455;9998
2456077;8440;9998
2457078;8410;9998
2458075;8364;9998
2459077;8364;9998
2460077;8379;9998
2461080;8379;9998
2462092;8394;9998
2463077;8410;9998
2464078;8410;9998
2465080;8410;9998
2466075;8425;9998
2467077;8440;9998
2468078;8486;9998
2469080;8516;9998
2470075;8516;9998
2471077;8501;9998
2472078;8501;9998
2473092;8516;9998
2474078;8532;9998
2475079;8501;9998
2476075;8471;9998
2477076;8455;9998
2478078;8455;9998
2479079;8455;9998
2480075;8455;9998
2481076;8471;9998
2482078;8471;9998
2483089;8440;9998
2484075;8425;9998
2485076;8410;9998
2486078;8379;9998
2487078;8379;9998
2488076;8394;9998
2489077;8410;9998
2490079;8425;9998
2491079;8410;9998
2492076;8394;9998
2493078;8410;9998
2494091;8440;9998
2495076;8455;9998
2496079;8471;9998
2497075;8471;9998
2498079;8440;9998
2499080;8440;9998
2500077;8471;9998
2501079;8501;9998
2502076;8501;9998
2503089;8486;9998
2504076;8471;9998
2505078;8501;9998
2506075;8516;9998
2507076;8532;9998
2508080;8532;9998
2509076;8532;9998
2510078;8532;9998
2511078;8516;9998
2512079;8501;9998
2513079;8501;9998
2514089;8516;9998
2515080;8516;9998
2516076;8516;9998
2517077;8516;9998
2518079;8547;9998
2519079;8562;9998
2520076;8562;9998
2521076;8562;9998
2522078;8562;9998
2523079;8562;9998
2524144;8516;9998
2525076;8455;9998
2526077;8425;9998
2527079;8455;9998
2528075;8486;9998
2529077;8486;9998
2530077;8455;9998
2531079;8440;9998
2532075;8440;9998
2533077;8425;9998
2534113;8425;9998
2535077;8455;9998
2536078;8501;9998
2537075;8532;9998
2538077;8516;9998
2539078;8471;9998
2540079;8455;9998
2541076;8471;9998
2542076;8501;9998
2543078;8532;9998
2544096;8516;9998
2545091;8501;9998
2546076;8501;9998
2547078;8501;9998
2548079;8501;9998
2549076;8547;9998
2550076;8593;9998
2551078;8608;9998
2552079;8577;9998
2553075;8547;9998
2554088;8501;9998
2555090;8486;9998
2556080;8516;9998
2557077;8532;9998
2558079;8562;9998
2559076;8608;9998
2560077;8638;9998
2561075;8623;9998
2562076;8608;9998
2563079;8608;9998
2564092;8623;9998
2565090;8638;9998
2566076;8654;9998
2567079;8669;9998
2568075;8669;9998
2569078;8684;9998
2570080;8684;9998
2571077;8684;9998
2572078;8684;9998
2573076;8684;9998
2574077;8654;9998
2575089;8608;9998
2576079;8562;9998
2577075;8562;9998
2578075;8577;9998
2579077;8577;9998
2580077;8562;9998
2581079;8547;9998
2582080;8547;9998
2583076;8562;9998
2584077;8577;9998
2585093;8577;9998
2586078;8562;9998
2587080;8532;9998
2588076;8547;9998
2589077;8577;9998
2590078;8593;9998
2591080;8608;9998
2592076;8608;9998
2593078;8623;9998
2594078;8638;9998
2595094;8669;9998
2596092;8700;9998
2597077;8730;9998
2598079;8745;9998
2599084;8761;9998
2600078;8776;9998
2601079;8791;9998
2602076;8791;9998
2603076;8806;9998
2604078;8806;9998
2605079;8806;9998
2606092;8791;9998
2607077;8776;9998
2608079;8776;9998
2609080;8791;9998
2610076;8806;9998
2611077;8822;9998
2612079;8806;9998
2613079;8822;9998
2614076;8852;9998
2615077;8867;9998
2616091;8867;9998
2617076;8867;9998
2618079;8867;9998
2619079;8898;9998
2620076;8883;9998
2621076;8867;9998
2622078;8852;9998
2623079;8867;9998
2624076;8883;9998
2625078;8883;9998
2626075;8867;9998
2627091;8837;9998
2628077;8822;9998
2629079;8806;9998
2630076;8806;9998
2631079;8822;9998
2632080;8837;9998
2633077;8837;9998
2634078;8822;9998
2635076;8791;9998
2636077;8776;9998
2637091;8806;9998
2638077;8806;9998
2639080;8791;9998
2640076;8806;9998
2641079;8852;9998
2642078;8883;9998
2643079;8913;9998
2644079;8944;9998
2645076;8974;9998
2646077;9005;9998
2647088;9051;9998
2648079;9081;9998
2649075;9096;9998
2650076;9066;9998
2651077;9035;9998
2652078;9020;9998
2653080;9020;9998
2654075;9051;9998
2655077;9096;9998
2656077;9096;9998
2657090;9112;9998
2658075;9112;9998
2659077;9081;9998
2660078;9066;9998
2661080;9066;9998
2662075;9066;9998
2663077;9051;9998
2664078;9035;9998
2665079;9035;9998
2666075;9005;9998
2667093;9005;9998
2668078;9005;9998
2669080;9005;9998
2670075;9005;9998
2671077;9005;9998
2672078;9020;9998
2673080;9051;9998
2674075;9035;9998
2675077;9020;9998
2676077;9020;9998
2677079;9035;9998
2678090;9051;9998
2679080;9081;9998
2680077;9096;9998
2681077;9066;9998
2682079;9051;9998
2683080;9066;9998
2684076;9081;9998
2685077;9096;9998
2686079;9112;9998
2687079;9112;9998
2688093;9112;9998
2689078;9081;9998
2690075;9081;9998
2691077;9096;9998
2692079;9142;9998
2693076;9173;9998
2694079;9158;9998
2695075;9127;9998
2696078;9127;9998
2697079;9158;9998
2698093;9158;9998
2699078;9158;9998
2700075;9112;9998
2701077;9096;9998
2702079;9112;9998
2703076;9127;9998
2704079;9142;9998
2705080;9173;9998
2706077;9173;9998
2707078;9158;9998
2708080;9158;9998
2709075;9158;9998
2710090;9173;9998
2711080;9173;9998
2712077;9203;9998
2713077;9234;9998
2714079;9234;9998
2715080;9219;9998
2716076;9234;9998
2717077;9249;9998
2718079;9249;9998
2719080;9234;9998
2720076;9203;9998
2721092;9173;9998
2722079;9158;9998
2723075;9158;9998
2724077;9173;9998
2725078;9142;9998
2726079;9127;9998
2727075;9112;9998
2728078;9112;9998
2729078;9096;9998
2730075;9081;9998
2731075;9096;9998
2732088;9112;9998
2733078;9127;9998
2734080;9142;9998
2735076;9158;9998
2736078;9173;9998
2737078;9188;9998
2738076;9188;9998
2739076;9219;9998
2740078;9234;9998
2741079;9234;9998
2742075;9234;9998
2743088;9234;9998
2744078;9234;9998
2745075;9249;9998
2746076;9234;9998
2747078;9203;9998
2748079;9173;9998
2749076;9158;9998
2750076;9127;9998
2751078;9096;9998
2752079;9096;9998
2753089;9096;9998
2754080;9112;9998
2755077;9112;9998
2756079;9081;9998
2757076;9096;9998
2758079;9142;9998
2759076;9158;9998
2760077;9158;9998
2761075;9173;9998
2762076;9173;9998
2763079;9188;9998
2764089;9173;9998
2765080;9142;9998
2766077;9142;9998
2767078;9158;9998
2768076;9173;9998
2769077;9173;9998
2770080;9158;9998
2771076;9158;9998
2772079;9142;9998
2773078;9127;9998
2774092;9112;9998
2775077;9127;9998
2776078;9158;9998
2777079;9158;9998
2778076;9188;9998
2779078;9188;9998
2780079;9158;9998
2781075;9158;9998
2782076;9142;9998
2783077;9142;9998
2784078;9158;9998
2785091;9188;9998
2786075;9219;9998
2787077;9219;9998
2788078;9203;9998
2789075;9173;9998
2790076;9173;9998
2791078;9173;9998
2792079;9127;9998
2793075;9081;9998
2794076;9066;9998
2795089;9066;9998
2796079;9066;9998
2797076;9066;9998
2798077;9112;9998
2799078;9158;9998
2800079;9158;9998
2801076;9142;9998
2802076;9112;9998
2803077;9112;9998
2804079;9127;9998
2805093;9127;9998
2806078;9127;9998
2807080;9127;9998
2808077;9127;9998
2809079;9142;9998
2810079;9173;9998
2811076;9188;9998
2812077;9173;9998
2813079;9173;9998
2814080;9173;9998
2815090;9173;9998
2816075;9173;9998
2817077;9188;9998
2818078;9203;9998
2819080;9188;9998
2820076;9158;9998
2821079;9142;9998
2822075;9158;9998
2823078;9188;9998
2824079;9188;9998
2825088;9173;9998
2826080;9173;9998
2827076;9158;9998
2828080;9158;9998
2829076;9158;9998
2830078;9142;9998
2831075;9142;9998
2832077;9112;9998
2833079;9096;9998
2834076;9081;9998
2835092;9066;9998
2836078;9051;9998
2837080;9066;9998
2838077;9066;9998
2839077;9051;9998
2840078;9035;9998
2841078;9020;9998
2842080;8990;9998
2843075;8974;9998
2844077;8990;9998
2845092;9005;9998
2846077;9005;9998
2847078;8990;9998
2848075;8974;9998
2849076;8974;9998
2850078;9020;9998
2851078;9020;9998
2852075;9020;9998
2853076;8990;9998
2854078;8990;9998
2855091;8990;9998
2856077;9005;9998
2857078;9035;9998
2858080;9066;9998
2859076;9096;9998
2860077;9096;9998
2861078;9112;9998
2862080;9127;9998
2863075;9142;9998
2864077;9173;9998
2865090;9158;9998
2866076;9173;9998
2867077;9158;9998
2868079;9142;9998
2869075;9127;9998
2870077;9127;9998
2871077;9127;9998
2872079;9127;9998
2873080;9096;9998
2874076;9096;9998
2875090;9112;9998
2876076;9112;9998
2877077;9112;9998
2878079;9127;9998
2879075;9112;9998
2880077;9081;9998
2881077;9066;9998
2882079;9066;9998
2883075;9051;9998
2884076;9020;9998
2885202;9020;9998
2886076;9051;9998
2887077;9096;9998
2888075;9112;9998
2889077;9127;9998
2890080;9158;9998
2891076;9173;9998
2892078;9188;9998
2893080;9188;9998
2894077;9173;9998
2895078;9158;9998
2896091;9158;9998
2897078;9142;9998
2898080;9127;9998
2899077;9112;9998
2900079;9096;9998
2901076;9081;9998
2902078;9081;9998
2903075;9096;9998
2904076;9096;9998
2905076;9096;9998
2906088;9096;9998
2907090;9112;9998
2908076;9173;9998
2909078;9234;9998
2910079;9249;9998
2911075;9234;9998
2912076;9203;9998
2913078;9203;9998
2914078;9219;9998
2915075;9249;9998
2916199;9234;9998
2917077;9203;9998
2918079;9188;9998
2919075;9203;9998
2920076;9234;9998
2921077;9249;9998
2922078;9234;9998
2923080;9234;9998
2924075;9219;9998
2925077;9203;9998
2926077;9219;9998
2927090;9249;9998
2928075;9264;9998
2929077;9234;9998
2930077;9203;9998
2931079;9188;9998
2932080;9173;9998
2933076;9188;9998
2934077;9188;9998
2935079;9203;9998
2936079;9203;9998
2937089;9203;9998
2938080;9203;9998
2939076;9203;9998
2940077;9173;9998
2941079;9173;9998
2942079;9219;9998
2943076;9234;9998
2944076;9219;9998
2945078;9203;9998
2946079;9203;9998
2947089;9219;9998
2948080;9234;9998
2949076;9234;9998
2950077;9234;9998
2951080;9249;9998
2952076;9234;9998
2953079;9203;9998
2954075;9219;9998
2955077;9234;9998
2956079;9234;9998
2957091;9203;9998
2958093;9173;9998
2959079;9158;9998
2960076;9173;9998
2961078;9188;9998
2962075;9219;9998
2963076;9249;9998
2964079;9234;9998
2965075;9203;9998
2966078;9173;9998
2967079;9158;9998
2968093;9142;9998
2969078;9127;9998
2970079;9142;9998
2971079;9173;9998
2972075;9173;9998
2973075;9158;9998
2974077;9173;9998
2975078;9188;9998
2976080;9203;9998
2977075;9188;9998
2978091;9203;9998
2979076;9219;9998
2980078;9219;9998
2981079;9203;9998
2982075;9188;9998
2983075;9203;9998
2984077;9219;9998
2985078;9234;9998
2986080;9234;9998
2987075;9203;9998
2988091;9188;9998
2989076;9188;9998
2990078;9188;9998
2991079;9188;9998
2992075;9203;9998
2993075;9219;9998
2994077;9234;9998
2995078;9249;9998
2996080;9249;9998
2997075;9219;9998
2998089;9203;9998
2999079;9188;9998
3000076;9188;9998
3001076;9173;9998
3002078;9158;9998
3003079;9158;9998
3004075;9203;9998
3005076;9219;9998
3006078;9203;9998
3007077;9173;9998
3008089;9158;9998
3009080;9173;9998
3010076;9173;9998
3011077;9158;9998
3012079;9142;9998
3013079;9158;9998
3014076;9173;9998
3015076;9188;9998
3016079;9188;9998
3017080;9203;9998
3018078;9203;9998
3019089;9219;9998
3020079;9219;9998
3021077;9203;9998
3022078;9188;9998
3023075;9173;9998
3024077;9173;9998
3025080;9173;9998
3026076;9158;9998
3027078;9158;9998
3028075;9142;9998
3029093;9158;9998
3030078;9173;9998
3031076;9173;9998
3032077;9173;9998
3033080;9142;9998
3034076;9112;9998
3035077;9096;9998
3036077;9096;9998
3037078;9081;9998
3038079;9081;9998
3039089;9096;9998
3040079;9112;9998
3041076;9127;9998
3042076;9142;9998
3043078;9112;9998
3044078;9066;9998
3045075;9035;9998
3046076;9020;9998
3047077;9035;9998
3048079;9051;9998
3049075;9096;9998
3050088;9127;9998
3051078;9096;9998
3052080;9096;9998
3053076;9112;9998
3054077;9096;9998
3055078;9066;9998
3056075;9035;9998
3057076;9005;9998
3058079;8990;9998
3059079;8974;9998
3060091;8959;9998
3061076;8944;9998
3062078;8944;9998
3063078;8944;9998
3064075;8913;9998
3065076;8913;9998
3066077;8913;9998
3067078;8944;9998
3068076;8974;9998
3069076;9020;9998
3070091;9051;9998
3071075;9035;9998
3072077;8990;9998
3073077;8959;9998
3074079;8944;9998
3075075;8944;9998
3076076;8944;9998
3077077;8929;9998
3078079;8929;9998
3079075;8913;9998
3080089;8913;9998
3081079;8913;9998
3082076;8913;9998
3083078;8929;9998
3084075;8913;9998
3085076;8883;9998
3086079;8867;9998
3087075;8883;9998
3088078;8883;9998
3089080;8867;9998
3090088;8837;9998
3091079;8822;9998
3092077;8837;9998
3093078;8837;9998
3094075;8837;9998
3095076;8822;9998
3096079;8837;9998
3097075;8867;9998
3098078;8867;9998
3099080;8852;9998
3100092;8837;9998
3101077;8837;9998
3102078;8837;9998
3103078;8822;9998
3104079;8776;9998
3105075;8761;9998
3106077;8761;9998
3107077;8761;9998
3108080;8791;9998
3109075;8791;9998
3110092;8776;9998
3111077;8761;9998
3112079;8745;9998
3113079;8715;9998
3114076;8700;9998
3115076;8684;9998
3116078;8700;9998
3117079;8715;9998
3118076;8715;9998
3119077;8730;9998
3120093;8730;9998
3121078;8730;9998
3122079;8730;9998
3123076;8715;9998
3124076;8684;9998
3125078;8669;9998
3126079;8684;9998
3127075;8700;9998
3128076;8715;9998
3129078;8715;9998
3130079;8730;9998
3131091;8745;9998
3132076;8745;9998
3133078;8715;9998
3134078;8730;9998
3135075;8745;9998
3136076;8761;9998
3137077;8791;9998
3138079;8791;9998
3139075;8791;9998
3140076;8791;9998
3141088;8791;9998
3142078;8761;9998
3143080;8715;9998
3144076;8684;9998
3145077;8669;9998
3146078;8669;9998
3147080;8669;9998
3148077;8669;9998
3149080;8684;9998
3150076;8700;9998
3151090;8684;9998
3152077;8700;9998
3153078;8715;9998
3154076;8715;9998
3155077;8730;9998
3156080;8745;9998
3157076;8761;9998
3158079;8745;9998
3159076;8730;9998
3160078;8700;9998
3161079;8669;9998
3162177;8669;9998
3163078;8669;9998
3164079;8684;9998
3165076;8684;9998
3166076;8684;9998
3167077;8715;9998
3168078;8761;9998
3169075;8761;9998
3170076;8730;9998
3171078;8730;9998
3172092;8761;9998
3173077;8791;9998
3174079;8837;9998
3175079;8883;9998
3176076;8913;9998
3177076;8898;9998
3178078;8867;9998
3179079;8837;9998
3180075;8852;9998
3181076;8883;9998
3182092;8883;9998
3183075;8867;9998
3184076;8852;9998
3185077;8822;9998
3186078;8822;9998
3187080;8837;9998
3188076;8837;9998
3189077;8837;9998
3190078;8837;9998
3191080;8852;9998
3192091;8883;9998
3193077;8883;9998
3194078;8898;9998
3195080;8913;9998
3196076;8944;9998
3197077;8944;9998
3198078;8944;9998
3199075;8929;9998
3200076;8929;9998
3201077;8944;9998
3202094;8944;9998
3203091;8944;9998
3204076;8929;9998
3205078;8929;9998
3206078;8959;9998
3207075;8990;9998
3208076;9020;9998
3209079;9035;9998
3210076;9051;9998
3211076;9066;9998
3212078;9066;9998
3213172;9081;9998
3214078;9112;9998
3215080;9142;9998
3216077;9158;9998
3217079;9158;9998
3218076;9173;9998
3219078;9203;9998
3220075;9203;9998
3221077;9188;9998
3222079;9219;9998
3223090;9249;9998
3224076;9249;9998
3225078;9249;9998
3226080;9234;9998
3227076;9219;9998
3228080;9203;9998
3229076;9188;9998
3230078;9203;9998
3231080;9219;9998
3232075;9264;9998
3233093;9295;9998
3234078;9341;9998
3235078;9371;9998
3236080;9371;9998
3237076;9371;9998
3238078;9387;9998
3239078;9402;9998
3240075;9417;9998
3241076;9448;9998
3242078;9432;9998
3243092;9417;9998
3244078;9432;9998
3245079;9463;9998
3246076;9524;9998
3247077;9570;9998
3248079;9585;9998
3249079;9600;9998
3250076;9661;9998
3251077;9692;9998
3252078;9692;9998
3253169;9661;9998
3254079;9677;9998
3255080;9707;9998
3256076;9738;9998
3257077;9722;9998
3258079;9722;9998
3259080;9707;9998
3260076;9707;9998
3261077;9707;9998
3262079;9738;9998
3263089;9738;9998
3264091;9738;9998
3265076;9738;9998
3266078;9738;9998
3267079;9753;9998
3268076;9768;9998
3269077;9799;9998
3270078;9829;9998
3271079;9860;9998
3272075;9936;9998
3273167;9951;9998
3274077;9921;9998
3275078;9921;9998
3276080;9936;9998
3277075;9982;9998
3278078;10012;9998
3279080;10012;9998
3280077;9997;9998
3281078;10012;9998
3282076;10043;9998
3283166;10073;9998
3284077;10073;9998
3285079;10073;9998
3286076;10073;9998
3287078;10089;9998
3288076;10104;9998
3289078;10119;9998
3290075;10165;9998
3291076;10165;9998
3292079;10165;9998
3293075;10180;9998
3294091;10211;9998
3295076;10226;9998
3296079;10241;9998
3297079;10241;9998
3298075;10226;9998
3299076;10226;9998
3300077;10257;9998
3301078;10287;9998
3302079;10272;9998
3303075;10272;9998
3304089;10302;9998
3305079;10333;9998
3306076;10348;9998
3307076;10348;9998
3308079;10333;9998
3309079;10333;9998
3310076;10333;9998
3311076;10348;9998
3312078;10379;9998
3313199;10379;9998
3314077;10394;9998
3315078;10409;9998
3316079;10425;9998
3317075;10425;9998
3318077;10425;9998
3319078;10425;9998
3320080;10425;9998
3321075;10425;9998
3322077;10440;9998
3323198;10440;9998
3324076;10425;9998
3325077;10425;9998
3326079;10455;9998
3327080;10486;9998
3328077;10486;9998
3329078;10486;9998
3330080;10486;9998
3331075;10516;9998
3332077;10562;9998
3333077;10577;9998
3334090;10592;9998
3335075;10608;9998
3336077;10592;9998
3337078;10562;9998
3338075;10547;9998
3339076;10547;9998
3340077;10577;9998
3341078;10608;9998
3342080;10638;9998
3343076;10654;9998
3344090;10638;9998
3345076;10638;9998
3346079;10638;9998
3347075;10654;9998
3348078;10638;9998
3349080;10608;9998
3350077;10577;9998
3351079;10562;9998
3352076;10562;9998
3353078;10608;9998
3354090;10638;9998
3355076;10654;9998
3356079;10638;9998
3357080;10623;9998
3358078;10654;9998
3359079;10684;9998
3360077;10699;9998
3361078;10669;9998
3362075;10654;9998
3363075;10654;9998
3364091;10638;9998
3365080;10654;9998
3366077;10669;9998
3367077;10669;9998
3368079;10638;9998
3369075;10608;9998
3370077;10577;9998
3371077;10577;9998
3372079;10562;9998
3373080;10547;9998
3374089;10547;9998
3375079;10577;9998
3376075;10592;9998
3377076;10592;9998
3378078;10562;9998
3379079;10547;9998
3380075;10577;9998
3381076;10608;9998
3382078;10608;9998
3383079;10608;9998
3384090;10608;9998
3385075;10592;9998
3386077;10562;9998
3387078;10516;9998
3388075;10486;9998
3389076;10455;9998
3390078;10455;9998
3391078;10470;9998
3392075;10455;9998
3393076;10440;9998
3394092;10440;9998
3395076;10486;9998
3396078;10516;9998
3397079;10531;9998
3398076;10531;9998
3399077;10486;9998
3400079;10455;9998
3401079;10455;9998
3402076;10486;9998
3403076;10501;9998
3404092;10516;9998
3405077;10516;9998
3406079;10516;9998
3407079;10501;9998
3408076;10501;9998
3409077;10501;9998
3410080;10501;9998
3411076;10501;9998
3412079;10501;9998
3413075;10501;9998
3414078;10486;9998
3415093;10470;9998
3416075;10470;9998
3417077;10470;9998
3418075;10440;9998
3419077;10425;9998
3420079;10394;9998
3421075;10364;9998
3422078;10364;9998
3423079;10364;9998
3424077;10364;9998
3425092;10364;9998
3426077;10348;9998
3427080;10318;9998
3428077;10302;9998
3429078;10318;9998
3430077;10348;9998
3431079;10379;9998
3432079;10394;9998
3433076;10409;9998
3434076;10425;9998
3435090;10425;9998
3436076;10409;9998
3437076;10425;9998
3438079;10425;9998
3439079;10425;9998
3440076;10409;9998
3441076;10394;9998
3442078;10394;9998
3443079;10394;9998
3444075;10394;9998
3445089;10348;9998
3446080;10333;9998
3447076;10364;9998
3448079;10394;9998
3449079;10409;9998
3450076;10409;9998
3451076;10394;9998
3452078;10379;9998
3453079;10409;9998
3454075;10425;9998
3455076;10425;9998
3456089;10440;9998
3457080;10455;9998
3458076;10470;9998
3459078;10470;9998
3460079;10470;9998
3461075;10470;9998
3462076;10470;9998
3463078;10455;9998
3464078;10440;9998
3465075;10455;9998
3466088;10486;9998
3467079;10486;9998
3468076;10486;9998
3469078;10455;9998
3470078;10425;9998
3471080;10394;9998
3472076;10409;9998
3473077;10409;9998
3474078;10455;9998
3475075;10470;9998
3476086;10455;9998
3477089;10455;9998
3478076;10455;9998
3479079;10470;9998
3480075;10486;9998
3481077;10486;9998
3482079;10470;9998
3483077;10470;9998
3484078;10455;9998
3485075;10455;9998
3486077;10470;9998
3487093;10486;9998
3488080;10501;9998
3489076;10501;9998
3490079;10516;9998
3491080;10531;9998
3492077;10547;9998
3493079;10562;9998
3494079;10592;9998
3495079;10592;9998
3496075;10577;9998
3497183;10562;9998
3498078;10562;9998
3499079;10562;9998
3500075;10577;9998
3501076;10623;9998
3502078;10669;9998
3503079;10669;9998
3504075;10654;9998
3505076;10669;9998
3506077;10684;9998
3507093;10684;9998
3508079;10699;9998
3509075;10684;9998
3510077;10669;9998
3511077;10654;9998
3512079;10638;9998
3513075;10669;9998
3514077;10699;9998
3515077;10730;9998
3516080;10730;9998
3517090;10715;9998
3518076;10699;9998
3519077;10684;9998
3520079;10669;9998
3521079;10669;9998
3522076;10669;9998
3523077;10654;9998
3524078;10623;9998
3525079;10623;9998
3526075;10654;9998
3527269;10669;9998
3528077;10715;9998
3529078;10715;9998
3530075;10684;9998
3531076;10684;9998
3532078;10699;9998
3533078;10715;9998
3534080;10730;9998
3535076;10730;9998
3536077;10745;9998
3537094;10776;9998
3538089;10791;9998
3539079;10791;9998
3540076;10806;9998
3541077;10806;9998
3542080;10806;9998
3543076;10791;9998
3544079;10776;9998
3545075;10760;9998
3546078;10715;9998
3547167;10684;9998
3548079;10669;9998
3549075;10684;9998
3550078;10715;9998
3551080;10730;9998
3552077;10730;9998
3553078;10730;9998
3554076;10730;9998
3555077;10745;9998
3556080;10730;9998
3557093;10730;9998
3558092;10715;9998
3559076;10715;9998
3560077;10684;9998
3561077;10669;9998
3562079;10638;9998
3563079;10623;9998
3564076;10638;9998
3565076;10638;9998
3566078;10623;9998
3567079;10638;9998
3568093;10669;9998
3569090;10684;9998
3570080;10654;9998
3571076;10638;9998
3572077;10638;9998
3573079;10638;9998
3574079;10638;9998
3575076;10654;9998
3576077;10669;9998
3577078;10669;9998
3578075;10684;9998
3579092;10684;9998
3580088;10684;9998
3581078;10684;9998
3582075;10654;9998
3583076;10654;9998
3584077;10699;9998
3585078;10760;9998
3586080;10760;9998
3587075;10699;9998
3588078;10669;9998
3589079;10654;9998
3590093;10623;9998
3591077;10577;9998
3592079;10562;9998
3593080;10562;9998
3594076;10562;9998
3595077;10562;9998
3596079;10562;9998
3597079;10562;9998
3598076;10547;9998
3599077;10531;9998
3600078;10501;9998
3601092;10470;9998
3602077;10455;9998
3603079;10455;9998
3604079;10425;9998
3605076;10394;9998
3606077;10425;9998
3607080;10440;9998
3608077;10425;9998
3609079;10440;9998
3610076;10440;9998
3611091;10425;9998
3612077;10440;9998
3613079;10455;9998
3614076;10455;9998
3615079;10455;9998
3616075;10455;9998
3617078;10455;9998
3618075;10440;9998
3619077;10425;9998
3620080;10425;9998
3621089;10425;9998
3622080;10409;9998
3623077;10394;9998
3624078;10394;9998
3625079;10379;9998
3626079;10364;9998
3627075;10333;9998
3628076;10302;9998
3629078;10302;9998
3630079;10302;9998
3631075;10302;9998
3632090;10287;9998
3633075;10257;9998
3634077;10226;9998
3635077;10180;9998
3636079;10165;9998
3637080;10180;9998
3638077;10226;9998
3639077;10241;9998
3640079;10241;9998
3641080;10211;9998
3642088;10196;9998
3643078;10196;9998
3644075;10211;9998
3645076;10196;9998
3646078;10165;9998
3647078;10150;9998
3648075;10165;9998
3649076;10150;9998
3650078;10119;9998
3651078;10028;9998
3652088;9951;9998
3653079;9921;9998
3654075;9936;9998
3655076;9951;9998
3656078;9951;9998
3657078;9936;9998
3658076;9921;9998
3659076;9921;9998
3660078;9906;9998
3661079;9906;9998
3662089;9906;9998
3663079;9906;9998
3664075;9906;9998
3665076;9890;9998
3666078;9875;9998
3667078;9875;9998
3668076;9890;9998
3669077;9890;9998
3670079;9890;9998
3671079;9890;9998
3672089;9906;9998
3673075;9951;9998
3674078;9951;9998
3675079;9951;9998
3676076;9936;9998
3677078;9936;9998
3678076;9936;9998
3679077;9921;9998
3680080;9906;9998
3681076;9875;9998
3682079;9829;9998
3683089;9783;9998
3684079;9753;9998
3685077;9738;9998
3686078;9738;9998
3687076;9722;9998
3688077;9738;9998
3689075;9753;9998
3690076;9738;9998
3691077;9722;9998
3692077;9707;9998
3693078;9707;9998
3694092;9692;9998
3695077;9646;9998
3696079;9600;9998
3697079;9585;9998
3698076;9570;9998
3699077;9585;9998
3700078;9585;9998
3701079;9554;9998
3702075;9524;9998
3703076;9478;9998
3704089;9493;9998
3705079;9539;9998
3706075;9570;9998
3707076;9585;9998
3708079;9585;9998
3709079;9585;9998
3710076;9585;9998
3711076;9585;9998
3712078;9600;9998
3713079;9646;9998
3714088;9646;9998
3715078;9631;9998
3716075;9615;9998
3717075;9615;9998
3718078;9615;9998
3719079;9600;9998
3720075;9570;9998
3721075;9554;9998
3722077;9539;9998
3723078;9539;9998
3724089;9524;9998
3725080;9493;9998
3726076;9493;9998
3727077;9509;9998
3728079;9509;9998
3729080;9493;9998
3730076;9524;9998
3731077;9539;9998
3732078;9539;9998
3733079;9524;9998
3734092;9509;9998
3735078;9478;9998
3736079;9478;9998
3737076;9478;9998
3738078;9478;9998
3739075;9478;9998
3740077;9478;9998
3741079;9463;9998
3742076;9463;9998
3743079;9448;9998
3744080;9432;9998
3745091;9432;9998
3746076;9432;9998
3747079;9417;9998
3748075;9402;9998
3749078;9387;9998
3750080;9371;9998
3751077;9371;9998
3752078;9387;9998
3753076;9387;9998
3754077;9387;9998
3755088;9387;9998
3756078;9387;9998
3757079;9387;9998
3758079;9387;9998
3759076;9402;9998
3760076;9402;9998
3761078;9402;9998
3762078;9387;9998
3763075;9371;9998
3764076;9387;9998
3765092;9387;9998
3766077;9356;9998
3767079;9341;9998
3768075;9356;9998
3769077;9371;9998
3770077;9325;9998
3771079;9295;9998
3772080;9280;9998
3773076;9280;9998
3774077;9280;9998
3775092;9280;9998
3776077;9295;9998
3777079;9295;9998
3778080;9264;9998
3779076;9249;9998
3780077;9264;9998
3781079;9295;9998
3782079;9310;9998
3783076;9295;9998
3784077;9310;9998
3785092;9325;9998
3786077;9356;9998
3787079;9341;9998
3788075;9371;9998
3789077;9402;9998
3790077;9417;9998
3791079;9402;9998
3792080;9387;9998
3793076;9356;9998
3794077;9341;9998
